package	version	tree_hash	source	git_sha
ADTypes	1.24.0	629de23e1c16911b439dabd2303c08af9575b226	/home/n/.julia/packages/ADTypes/0z2Sm	
AbstractFFTs	1.5.0	d92ad398961a3ed262d8bf04a1a2b8340f915fef	/home/n/.julia/packages/AbstractFFTs/4iQz5	
AbstractMCMC	5.16.0	328c7d50f307c66308a915abb20d9889e5aab48b	/home/n/.julia/packages/AbstractMCMC/NK6XN	
AbstractPPL	0.15.5	31fb177c9952267ac2dc54a44868cb768390e6ef	/home/n/.julia/packages/AbstractPPL/Kuf2H	
AbstractTrees	0.4.5	2d9c9a55f9c93e8887ad391fbae72f8ef55e1177	/home/n/.julia/packages/AbstractTrees/Ftf8W	
Accessors	0.1.45	7063ad1083578215c7c4bf410368150abe8d5524	/home/n/.julia/packages/Accessors/e7kZq	
Adapt	4.7.0	daa72978cd7a624246e894a4f4f067706d4e17e2	/home/n/.julia/packages/Adapt/YzfDi	
AdvancedHMC	0.8.7	230bc5a3a9cd4e2ddb9c7cb1e00f330c88f04e03	/home/n/.julia/packages/AdvancedHMC/db2kL	
AdvancedMH	0.8.10	62ddbccf0ce5c26f8ef3cebe4bedef6b1599d616	/home/n/.julia/packages/AdvancedMH/IkIeT	
AdvancedPS	0.7.2	d92dd3fb4cc2748860ae8d5dd1d324cf0715a53b	/home/n/.julia/packages/AdvancedPS/ZHu61	
AdvancedVI	0.7.0	fc42c29943eae508fd28ec620d1faa4d2c1ce044	/home/n/.julia/packages/AdvancedVI/BGKMH	
AliasTables	1.1.3	9876e1e164b144ca45e9e3198d0b689cadfed9ff	/home/n/.julia/packages/AliasTables/N6kwW	
ArgCheck	2.5.0	f9e9a66c9b7be1ad7372bbd9b062d9230c30c5ce	/home/n/.julia/packages/ArgCheck/DaoPJ	
ArgTools	1.1.1	nothing	/home/n/.julia/juliaup/julia-1.10.11+0.x64.linux.gnu/share/julia/stdlib/v1.10/ArgTools	
ArrayInterface	7.30.2	1aec1ff0dcaa83a484e7f72097562fa3102c6722	/home/n/.julia/packages/ArrayInterface/TT5ip	
Artifacts	nothing	nothing	/home/n/.julia/juliaup/julia-1.10.11+0.x64.linux.gnu/share/julia/stdlib/v1.10/Artifacts	
BangBang	0.4.9	cceb62468025be98d42a5dc581b163c20896b040	/home/n/.julia/packages/BangBang/ZEWNl	
Base64	nothing	nothing	/home/n/.julia/juliaup/julia-1.10.11+0.x64.linux.gnu/share/julia/stdlib/v1.10/Base64	
BayesianRegressionModels	0.2.1	nothing	/home/n/.local/state/kb-agents-worktrees/BayesianRegressionModels-docs-eight-schools	e0be210778a95b16cfcb3ec68e956637142eade1
Bijectors	0.16.3	a58fb73182f07a5a561bfadbe40efb9c6c892853	/home/n/.julia/packages/Bijectors/6t7LY	
BridgeStan	2.9.0	3037ad381e5595495008cf529c7adb7146b689ac	/home/n/.julia/packages/BridgeStan/lLxtM	
CEnum	0.5.0	389ad5c84de1ae7cf0e28e381131c98ea87d54fc	/home/n/.julia/packages/CEnum/B6ahP	
CRC32c	nothing	nothing	/home/n/.julia/juliaup/julia-1.10.11+0.x64.linux.gnu/share/julia/stdlib/v1.10/CRC32c	
CategoricalArrays	1.1.1	20ff1463035a170b25eba2ef9823bb9ad51635e4	/home/n/.julia/packages/CategoricalArrays/pvykx	
ChainRulesCore	1.26.1	12177ad6b3cad7fd50c8b3825ce24a99ad61c18f	/home/n/.julia/packages/ChainRulesCore/IZ7FD	
Chairmarks	1.3.1	9a49491e67e7a4d6f885c43d00bb101e6e5a434b	/home/n/.julia/packages/Chairmarks/yJzRJ	
ChangesOfVariables	0.1.11	83ee8183bd8c4a390ae178385e6c7b3aa4e468b2	/home/n/.julia/packages/ChangesOfVariables/BJUGr	
ChunkSplitters	3.2.0	1c52c8e2673edc030191177ff1aee42d25149acb	/home/n/.julia/packages/ChunkSplitters/5ciiA	
CommonSolve	0.2.14	6c389fa857f6ca5a95474b52a52023fd77f24cb7	/home/n/.julia/packages/CommonSolve/zocpq	
CommonSubexpressions	0.3.1	cda2cfaebb4be89c9084adaca7dd7333369715c5	/home/n/.julia/packages/CommonSubexpressions/nws5L	
Compat	4.18.1	9d8a54ce4b17aa5bdce0ea5c34bc5e7c340d16ad	/home/n/.julia/packages/Compat/FiBO2	
CompilerSupportLibraries_jll	1.1.1+0	nothing	/home/n/.julia/juliaup/julia-1.10.11+0.x64.linux.gnu/share/julia/stdlib/v1.10/CompilerSupportLibraries_jll	
CompositionsBase	0.1.2	802bb88cd69dfd1509f6670416bd4434015693ad	/home/n/.julia/packages/CompositionsBase/IN0VV	
ConsoleProgressMonitor	0.1.2	3ab7b2136722890b9af903859afcf457fa3059e8	/home/n/.julia/packages/ConsoleProgressMonitor/X1ECa	
ConstructionBase	1.6.0	b4b092499347b18a015186eae3042f72267106cb	/home/n/.julia/packages/ConstructionBase/3a7dg	
DataAPI	1.16.0	abe83f3a2f1b857aac70ef8b269080af17764bbe	/home/n/.julia/packages/DataAPI/atdEM	
DataStructures	0.19.6	b0bc6d2cad1fed8b7fd59a1551a991cb3d2809e6	/home/n/.julia/packages/DataStructures/IwRP2	
DataValueInterfaces	1.0.0	bfc1187b79289637fa0ef6d4436ebdfe6905cbd6	/home/n/.julia/packages/DataValueInterfaces/0j6Kp	
Dates	nothing	nothing	/home/n/.julia/juliaup/julia-1.10.11+0.x64.linux.gnu/share/julia/stdlib/v1.10/Dates	
DelimitedFiles	1.9.1	9e2f36d3c96a820c678f2f1f1782582fcf685bae	/home/n/.julia/packages/DelimitedFiles/aGcsu	
DensityInterface	0.4.0	80c3e8639e3353e5d2912fb3a1916b8455e2494b	/home/n/.julia/packages/DensityInterface/MCyV6	
DiffResults	1.1.0	782dd5f4561f5d267313f23853baaaa4c52ea621	/home/n/.julia/packages/DiffResults/YLo25	
DiffRules	1.16.0	79a2aca180a85c690c58a020d47b426954b590f8	/home/n/.julia/packages/DiffRules/7zWhL	
DifferentiationInterface	0.7.21	0693d8b0a4608ff289d228ab4c598df5894845cd	/home/n/.julia/packages/DifferentiationInterface/seMaz	
DimensionalData	0.30.2	3e5b58039d35b98f425446c099577d67633a7237	/home/n/.julia/packages/DimensionalData/zaeVT	
Distributed	nothing	nothing	/home/n/.julia/juliaup/julia-1.10.11+0.x64.linux.gnu/share/julia/stdlib/v1.10/Distributed	
Distributions	0.25.131	a958ab3a40c755563f5e1405c0846cb0446bf19d	/home/n/.julia/packages/Distributions/RTt4y	
DocStringExtensions	0.9.5	7442a5dfe1ebb773c29cc2962a8980f47221d76c	/home/n/.julia/packages/DocStringExtensions/zNis6	
Downloads	1.6.0	nothing	/home/n/.julia/juliaup/julia-1.10.11+0.x64.linux.gnu/share/julia/stdlib/v1.10/Downloads	
DynamicHMC	3.6.1	ec5d0306713c81e2216488fca1126678ce3c44ba	/home/n/.julia/packages/DynamicHMC/1t59O	
DynamicPPL	0.42.13	8f9dc691ddef45d534e9ca1ddea33101a02283c7	/home/n/.julia/packages/DynamicPPL/KUCnw	
ElasticArrays	1.2.12	75e5697f521c9ab89816d3abeea806dfc5afb967	/home/n/.julia/packages/ElasticArrays/tYOnZ	
EllipticalSliceSampling	2.0.0	e611b7fdfbfb5b18d5e98776c30daede41b44542	/home/n/.julia/packages/EllipticalSliceSampling/cdEl3	
EnumX	1.0.7	c49898e8438c828577f04b92fc9368c388ac783c	/home/n/.julia/packages/EnumX/CGSQY	
Enzyme	0.13.204	d242d84323f15c1b4788e9eaaca3f8d5ca08dca3	/home/n/.julia/packages/Enzyme/378BD	
EnzymeCore	0.8.21	971d7831cc85f43bc9f51d615a3f7f21270c2f1d	/home/n/.julia/packages/EnzymeCore/w6Eem	
Enzyme_jll	0.0.293+0	d405b496023e00071fcf874377e7d3e455badd66	/home/n/.julia/packages/Enzyme_jll/fk3Zf	
ExprTools	0.1.11	d2e49e7efd29719d6f28b891b0e0e159daa9d2b4	/home/n/.julia/packages/ExprTools/9lavJ	
Extents	0.1.6	b309b36a9e02fe7be71270dd8c0fd873625332b4	/home/n/.julia/packages/Extents/XER9E	
FastClosures	0.3.2	acebe244d53ee1b461970f8910c235b259e772ef	/home/n/.julia/packages/FastClosures/3LNoZ	
FileWatching	nothing	nothing	/home/n/.julia/juliaup/julia-1.10.11+0.x64.linux.gnu/share/julia/stdlib/v1.10/FileWatching	
FillArrays	1.17.0	5bad39456d9f0166184fce2248783dd9862645c1	/home/n/.julia/packages/FillArrays/zA1cC	
FindFirstFunctions	3.2.1	bba475ce782fc77777f539cf0b7c029207798db1	/home/n/.julia/packages/FindFirstFunctions/Rer7g	
FiniteDiff	2.33.0	5031f23e040bf17082e5b52422d77b5e844eefb1	/home/n/.julia/packages/FiniteDiff/Z4dvL	
FlexiChains	0.6.39	587c76bae96afb16314651cfd79aa73024c6b3df	/home/n/.julia/packages/FlexiChains/as3VP	
ForwardDiff	1.4.6	3b0f72e2ffef1a139ac450725c9ecd01c0a3c050	/home/n/.julia/packages/ForwardDiff/wp23H	
FunctionWrappers	1.1.3	d62485945ce5ae9c0c48f124a84998d755bae00e	/home/n/.julia/packages/FunctionWrappers/Q5cBx	
FunctionWrappersWrappers	1.13.0	2bcce3ad6f6977d617928d7707fdc86ac83cce03	/home/n/.julia/packages/FunctionWrappersWrappers/7CPBX	
Functors	0.5.3	1ac2813982db52b974c9343124ca61adbf297316	/home/n/.julia/packages/Functors/PfDWx	
Future	nothing	nothing	/home/n/.julia/juliaup/julia-1.10.11+0.x64.linux.gnu/share/julia/stdlib/v1.10/Future	
GPUArraysCore	0.2.0	83cf05ab16a73219e5f6bd1bdfa9848fa24ac627	/home/n/.julia/packages/GPUArraysCore/aNaXo	
GPUCompiler	1.23.0	5e54ec63c34bcc878558b173c411b8efe6b08344	/home/n/.julia/packages/GPUCompiler/BSi1T	
Gamma	1.1.0	86f86b6168a016ed88e4ae4e64577b98c3b59e8e	/home/n/.julia/packages/Gamma/GjRkn	
HashArrayMappedTries	0.2.0	2eaa69a7cab70a52b9687c8bf950a5a93ec895ae	/home/n/.julia/packages/HashArrayMappedTries/CozZ8	
HypergeometricFunctions	0.3.30	31bb6c92405c084617facc1d7ed9eb6c402d061e	/home/n/.julia/packages/HypergeometricFunctions/O0DoB	
Inflate	0.1.5	d1b1b796e47d94588b3757fe84fbf65a5ec4a80d	/home/n/.julia/packages/Inflate/AToAX	
InitialValues	0.3.1	4da0f88e9a39111c2fa3add390ab15f3a44f3ca3	/home/n/.julia/packages/InitialValues/OWP8V	
InteractiveUtils	nothing	nothing	/home/n/.julia/juliaup/julia-1.10.11+0.x64.linux.gnu/share/julia/stdlib/v1.10/InteractiveUtils	
Interfaces	0.3.2	331ff37738aea1a3cf841ddf085442f31b84324f	/home/n/.julia/packages/Interfaces/RHAn6	
IntervalSets	0.7.14	79d6bd28c8d9bccc2229784f1bd637689b256377	/home/n/.julia/packages/IntervalSets/2xOE8	
InverseFunctions	0.1.17	a779299d77cd080bf77b97535acecd73e1c5e5cb	/home/n/.julia/packages/InverseFunctions/4sFsZ	
InvertedIndices	1.3.1	6da3c4316095de0f5ee2ebd875df8721e7e0bdbe	/home/n/.julia/packages/InvertedIndices/jfcUx	
IrrationalConstants	0.2.6	b2d91fe939cae05960e760110b328288867b5758	/home/n/.julia/packages/IrrationalConstants/RokwY	
IteratorInterfaceExtensions	1.0.0	a3f24677c21f5bbe9d2a714f95dcd58337fb2856	/home/n/.julia/packages/IteratorInterfaceExtensions/NZdaj	
JLLWrappers	1.8.0	7204148362dafe5fe6a273f855b8ccbe4df8173e	/home/n/.julia/packages/JLLWrappers/Kp7TC	
JSON	1.8.0	88352712893ec50bee3680605891eaf0e9ed6368	/home/n/.julia/packages/JSON/tMaHX	
LLVM	9.13.1	d4bfee24427f4f441bd9212a107e375c39663aab	/home/n/.julia/packages/LLVM/N6lMx	
LLVMExtra_jll	0.0.47+0	d77aea19c9a71059a021acd99b0a4343e9661d94	/home/n/.julia/packages/LLVMExtra_jll/qljSX	
LazyArtifacts	nothing	nothing	/home/n/.julia/juliaup/julia-1.10.11+0.x64.linux.gnu/share/julia/stdlib/v1.10/LazyArtifacts	
LazyStack	0.1.3	aff621f1f49e9262a34aaf0d57d02ea3b35aec60	/home/n/.julia/packages/LazyStack/bEWDO	
LeftChildRightSiblingTrees	0.3.0	d4816abce26971e3237b46a47b99991f306e4832	/home/n/.julia/packages/LeftChildRightSiblingTrees/7X9Cz	
LibCURL	0.6.4	nothing	/home/n/.julia/juliaup/julia-1.10.11+0.x64.linux.gnu/share/julia/stdlib/v1.10/LibCURL	
LibCURL_jll	8.4.0+0	nothing	/home/n/.julia/juliaup/julia-1.10.11+0.x64.linux.gnu/share/julia/stdlib/v1.10/LibCURL_jll	
LibGit2	nothing	nothing	/home/n/.julia/juliaup/julia-1.10.11+0.x64.linux.gnu/share/julia/stdlib/v1.10/LibGit2	
LibGit2_jll	1.6.4+0	nothing	/home/n/.julia/juliaup/julia-1.10.11+0.x64.linux.gnu/share/julia/stdlib/v1.10/LibGit2_jll	
LibSSH2_jll	1.11.0+1	nothing	/home/n/.julia/juliaup/julia-1.10.11+0.x64.linux.gnu/share/julia/stdlib/v1.10/LibSSH2_jll	
LibTracyClient_jll	0.13.1+0	d4e20500d210247322901841d4eafc7a0c52642d	/home/n/.julia/packages/LibTracyClient_jll/rf8WR	
Libdl	nothing	nothing	/home/n/.julia/juliaup/julia-1.10.11+0.x64.linux.gnu/share/julia/stdlib/v1.10/Libdl	
Libtask	0.9.19	d045ad5c965fc46c5d4c459d19a99271887de0e9	/home/n/.julia/packages/Libtask/ooOpb	
LineSearches	7.8.1	b4f9762e3ad693626ffd51ae4be359c0a7b08469	/home/n/.julia/packages/LineSearches/viVmL	
LinearAlgebra	nothing	nothing	/home/n/.julia/juliaup/julia-1.10.11+0.x64.linux.gnu/share/julia/stdlib/v1.10/LinearAlgebra	
LogDensityProblems	2.2.0	d9625f27ded4ad726ceca7819394a4cc77ed25b3	/home/n/.julia/packages/LogDensityProblems/Yy6GB	
LogDensityProblemsAD	1.13.1	7b83f3ad0a8105f79a067cafbfd124827bb398d0	/home/n/.julia/packages/LogDensityProblemsAD/DH6MG	
LogExpFunctions	0.3.29	13ca9e2586b89836fd20cccf56e57e2b9ae7f38f	/home/n/.julia/packages/LogExpFunctions/iNqo2	
Logging	nothing	nothing	/home/n/.julia/juliaup/julia-1.10.11+0.x64.linux.gnu/share/julia/stdlib/v1.10/Logging	
LoggingExtras	1.2.0	f00544d95982ea270145636c181ceda21c4e2575	/home/n/.julia/packages/LoggingExtras/IICqi	
MCMCDiagnosticTools	0.3.19	345bedeaf7d650f673fefa042dd8384c63de6c68	/home/n/.julia/packages/MCMCDiagnosticTools/KPVrh	
MLJModelInterface	1.12.1	c275fae2e693206b4527dd9d2382aa15359ef3ed	/home/n/.julia/packages/MLJModelInterface/EmxvJ	
MacroTools	0.5.16	1e0228a030642014fe5cfe68c2c0a818f9e3f522	/home/n/.julia/packages/MacroTools/Ar0jT	
MappedArrays	0.4.3	0ee4497a4e80dbd29c058fcee6493f5219556f40	/home/n/.julia/packages/MappedArrays/WoTkJ	
Markdown	nothing	nothing	/home/n/.julia/juliaup/julia-1.10.11+0.x64.linux.gnu/share/julia/stdlib/v1.10/Markdown	
MbedTLS_jll	2.28.1010+0	nothing	/home/n/.julia/juliaup/julia-1.10.11+0.x64.linux.gnu/share/julia/stdlib/v1.10/MbedTLS_jll	
Missings	1.2.0	ec4f7fbeab05d7747bdf98eb74d130a2a2ed298d	/home/n/.julia/packages/Missings/MBhnW	
MistyClosures	2.1.0	d1a692e293c2a0dc8fda79c04cad60582f3d4de3	/home/n/.julia/packages/MistyClosures/2vtLL	
Mmap	nothing	nothing	/home/n/.julia/juliaup/julia-1.10.11+0.x64.linux.gnu/share/julia/stdlib/v1.10/Mmap	
MozillaCACerts_jll	2025.12.2	nothing	/home/n/.julia/juliaup/julia-1.10.11+0.x64.linux.gnu/share/julia/stdlib/v1.10/MozillaCACerts_jll	
MutatingFunctions	0.1.0	nothing	/home/n/.local/state/kb-agents-worktrees/BayesianRegressionModels-docs-eight-schools/test/.bootstrap/mutatingfunctions-4fc41b1c7b77	4fc41b1c7b774133ceaacc4ff3c34c67b15b87b2
NLSolversBase	8.0.1	f96d38936d92d610318dec4d3b5ef37b0373c20f	/home/n/.julia/packages/NLSolversBase/THQGs	
NaNMath	1.1.4	dbd2e8cd2c1c27f0b584f6661b4309609c5a685e	/home/n/.julia/packages/NaNMath/1MJdn	
NetworkOptions	1.2.0	nothing	/home/n/.julia/juliaup/julia-1.10.11+0.x64.linux.gnu/share/julia/stdlib/v1.10/NetworkOptions	
ObjectFile	0.5.1	23c4d109603f7a7bfe888c1f63c5ab7be6183d0b	/home/n/.julia/packages/ObjectFile/CY2MP	
OhMyThreads	0.8.6	9a07c25c438110500d871fd5309649ec6791ef57	/home/n/.julia/packages/OhMyThreads/wX0Fh	
OnlineStatsBase	1.7.3	55c519dfadb4d47970f5cd13bab27e640731598e	/home/n/.julia/packages/OnlineStatsBase/IxYQe	
OpenBLAS_jll	0.3.23+5	nothing	/home/n/.julia/juliaup/julia-1.10.11+0.x64.linux.gnu/share/julia/stdlib/v1.10/OpenBLAS_jll	
OpenLibm_jll	0.8.5+0	nothing	/home/n/.julia/juliaup/julia-1.10.11+0.x64.linux.gnu/share/julia/stdlib/v1.10/OpenLibm_jll	
OpenSpecFun_jll	0.5.6+0	1346c9208249809840c91b26703912dff463d335	/home/n/.julia/packages/OpenSpecFun_jll/4QIOW	
Optim	2.3.1	ece78ffe4fcee487b858ecaf184b8d7c2a79e015	/home/n/.julia/packages/Optim/01BGy	
Optimisers	0.4.9	b6a586b581eccc60a181145ffd4382099e32e2df	/home/n/.julia/packages/Optimisers/tMaaf	
Optimization	5.9.1	b4d47691ca17e5f8e26cc7e453f6ab92d480285f	/home/n/.julia/packages/Optimization/545Qe	
OptimizationBase	5.6.1	c390a9e18ec082cee22136a42f50b208b8312d0b	/home/n/.julia/packages/OptimizationBase/TvAnm	
OptimizationOptimJL	0.4.21	6bc626d531967889260563d7cd42294047fd91e8	/home/n/.julia/packages/OptimizationOptimJL/qQFV2	
OrderedCollections	1.8.2	94ba93778373a53bfd5a0caaf7d809c445292ff4	/home/n/.julia/packages/OrderedCollections/MglBA	
OutputSignatures	0.1.0	nothing	/home/n/.local/state/kb-agents-worktrees/BayesianRegressionModels-docs-eight-schools/test/.bootstrap/outputsignatures-121de3194f02	121de3194f02044e00bac0d11019a93458ddb63a
PDMats	0.11.41	123266c25174ef6c8d4718920abc206452cf8de6	/home/n/.julia/packages/PDMats/ZCpqF	
PSIS	0.9.10	554bfcb2e56a9928b793a3c99f1d16e324c79ee0	/home/n/.julia/packages/PSIS/a8uY5	
Parsers	3.0.0	663e8b48b789916221e0765393b289ca6c88f24e	/home/n/.julia/packages/Parsers/pJXgH	
PartitionedDistributions	0.1.0	621944b594bec8df388aeecd2d694824cbe71ecd	/home/n/.julia/packages/PartitionedDistributions/hi5b4	
Pathfinder	0.10.7	cc8cd91091593ad0d7ad0a56730825e5358b9362	/home/n/.julia/packages/Pathfinder/4L3jq	
Pkg	1.10.0	nothing	/home/n/.julia/juliaup/julia-1.10.11+0.x64.linux.gnu/share/julia/stdlib/v1.10/Pkg	
PositiveFactorizations	0.2.4	17275485f373e6673f7e7f97051f703ed5b15b20	/home/n/.julia/packages/PositiveFactorizations/BN7VB	
PreallocationTools	1.7.1	cd00e28071a75c98664663f87c2ae447d25c0503	/home/n/.julia/packages/PreallocationTools/dNQ2d	
PrecompileTools	1.2.1	5aa36f7049a63a1528fe8f7c3f2113413ffd4e1f	/home/n/.julia/packages/PrecompileTools/L8A3n	
Preferences	1.6.0	5005266de4bfe50e53ff44a5cb5c540b6e47a254	/home/n/.julia/packages/Preferences/DwMOj	
Printf	nothing	nothing	/home/n/.julia/juliaup/julia-1.10.11+0.x64.linux.gnu/share/julia/stdlib/v1.10/Printf	
ProgressLogging	0.1.6	f0803bc1171e455a04124affa9c21bba5ac4db32	/home/n/.julia/packages/ProgressLogging/mcUt5	
ProgressMeter	1.11.0	fbb92c6c56b34e1a2c4c36058f68f332bec840e7	/home/n/.julia/packages/ProgressMeter/N660J	
PtrArrays	1.4.0	4fbbafbc6251b883f4d2705356f3641f3652a7fe	/home/n/.julia/packages/PtrArrays/m7fuD	
QuadGK	2.11.3	5e8e8b0ab68215d7a2b14b9921a946fee794749e	/home/n/.julia/packages/QuadGK/5mgi5	
REPL	nothing	nothing	/home/n/.julia/juliaup/julia-1.10.11+0.x64.linux.gnu/share/julia/stdlib/v1.10/REPL	
Random	nothing	nothing	/home/n/.julia/juliaup/julia-1.10.11+0.x64.linux.gnu/share/julia/stdlib/v1.10/Random	
Random123	1.7.1	dbe5fd0b334694e905cb9fda73cd8554333c46e2	/home/n/.julia/packages/Random123/QDdNH	
RandomNumbers	1.6.0	c6ec94d2aaba1ab2ff983052cf6a606ca5985902	/home/n/.julia/packages/RandomNumbers/EmdvO	
RecipesBase	1.3.4	5c3d09cc4f31f5fc6af001c250bf1278733100ff	/home/n/.julia/packages/RecipesBase/BRe07	
RecursiveArrayTools	4.5.1	775b6023c34c401e35b9a159568d2f6d051280d5	/home/n/.julia/packages/RecursiveArrayTools/9DBPt	
Reexport	1.2.2	45e428421666073eab6f2da5c9d310d99bb12f9b	/home/n/.julia/packages/Reexport/OxbHO	
Requires	1.3.1	62389eeff14780bfe55195b7204c0d8738436d64	/home/n/.julia/packages/Requires/1eCOK	
Rmath	0.9.0	5b3d50eb374cea306873b371d3f8d3915a018f0b	/home/n/.julia/packages/Rmath/SBB4Z	
Rmath_jll	0.5.2+0	6d40b2fe70437b01397d2a4d5b020008da4e7019	/home/n/.julia/packages/Rmath_jll/Ad6Tb	
Roots	3.0.8	4db094d5e079abbda658acfe1c4d098430417717	/home/n/.julia/packages/Roots/is6NK	
RuntimeGeneratedFunctions	0.5.26	1719b26eee2c5e40d4b41c647b91dbaac1dcbf05	/home/n/.julia/packages/RuntimeGeneratedFunctions/xVoUB	
SHA	0.7.0	nothing	/home/n/.julia/juliaup/julia-1.10.11+0.x64.linux.gnu/share/julia/stdlib/v1.10/SHA	
SSMProblems	0.6.1	cbf723e4c486375cf91236db53a7beefe8291951	/home/n/.julia/packages/SSMProblems/ZMavr	
SciMLBase	3.55.0	8a14bac10be51ecf8cb167e483e39c068ca24bfd	/home/n/.julia/packages/SciMLBase/1DcFZ	
SciMLLogging	2.1.0	3aafee7edc2ec7e71f50dcc6816cb031fac390a0	/home/n/.julia/packages/SciMLLogging/zP0QP	
SciMLOperators	1.30.1	9eba48f738160e04268c0770e01dae2451199bc2	/home/n/.julia/packages/SciMLOperators/g0aVc	
SciMLPublic	1.3.0	74685afb51732a464fbce79a72708f7c4203ceb7	/home/n/.julia/packages/SciMLPublic/hI11w	
SciMLStructures	1.10.5	5c2f9dbf6f07eea6bc9e93f117b00b7939a79f9e	/home/n/.julia/packages/SciMLStructures/YPjs4	
ScientificTypesBase	3.1.0	e785eaa35a0f5518a388f9010e66fda64ea95ede	/home/n/.julia/packages/ScientificTypesBase/9YgOY	
ScopedValues	1.6.2	67a144433c4ce877ee6d1ada69a124d6b1ecf7be	/home/n/.julia/packages/ScopedValues/sILa0	
Scratch	1.3.0	9b81b8393e50b7d4e6d0a9f14e192294d3b7c109	/home/n/.julia/packages/Scratch/tDtSY	
Serialization	nothing	nothing	/home/n/.julia/juliaup/julia-1.10.11+0.x64.linux.gnu/share/julia/stdlib/v1.10/Serialization	
Setfield	1.1.2	c5391c6ace3bc430ca630251d02ea9687169ca68	/home/n/.julia/packages/Setfield/ZezIj	
Sockets	nothing	nothing	/home/n/.julia/juliaup/julia-1.10.11+0.x64.linux.gnu/share/julia/stdlib/v1.10/Sockets	
SortingAlgorithms	1.2.3	13cd91cc9be159e3f4d95b857fa2aa383b53772a	/home/n/.julia/packages/SortingAlgorithms/ZonD6	
SparseArrays	1.10.0	nothing	/home/n/.julia/juliaup/julia-1.10.11+0.x64.linux.gnu/share/julia/stdlib/v1.10/SparseArrays	
SparseConnectivityTracer	1.2.3	5c127b6b5e36e1ba38556b578c6346b2375ec0b4	/home/n/.julia/packages/SparseConnectivityTracer/EqUyV	
SparseMatrixColorings	0.4.28	63e1776f40bbd5e7394edce08e62f852b1384baf	/home/n/.julia/packages/SparseMatrixColorings/jDQiY	
SpecialFunctions	2.9.0	429071b23f4c9a13fb6582f807cc2ef454082408	/home/n/.julia/packages/SpecialFunctions/EJiJa	
StableTasks	0.1.7	c4f6610f85cb965bee5bfafa64cbeeda55a4e0b2	/home/n/.julia/packages/StableTasks/YtV0L	
StanBlocks	0.2.1	nothing	/home/n/.local/state/kb-agents-worktrees/BayesianRegressionModels-docs-eight-schools/test/.bootstrap/stanblocks-bec23bc3c523	bec23bc3c52303ebde60a026af48c435e4c81330
StanLogDensityProblems	0.1.13	5f78ad0a1fb966e4d00a9699afd30ad7cdcabc5d	/home/n/.julia/packages/StanLogDensityProblems/YRaN5	
StaticArrays	1.9.20	e206cf4850fd7ac4255ffd2b98922f563e18ac53	/home/n/.julia/packages/StaticArrays/k7bbZ	
StaticArraysCore	1.4.4	6ab403037779dae8c514bad259f32a447262455a	/home/n/.julia/packages/StaticArraysCore/MoJEf	
StatisticalTraits	3.5.0	89f86d9376acd18a1a4fbef66a56335a3a7633b8	/home/n/.julia/packages/StatisticalTraits/ZxorS	
Statistics	1.10.0	nothing	/home/n/.julia/juliaup/julia-1.10.11+0.x64.linux.gnu/share/julia/stdlib/v1.10/Statistics	
StatsAPI	1.8.0	178ed29fd5b2a2cfc3bd31c13375ae925623ff36	/home/n/.julia/packages/StatsAPI/b8dYo	
StatsBase	0.34.13	adb9da019510162e67a4493fc235c23203d8b09e	/home/n/.julia/packages/StatsBase/TkBxP	
StatsFuns	1.5.3	0aa97471d55945556e8d2859568b8317cef98351	/home/n/.julia/packages/StatsFuns/wsqZD	
Strided	2.6.4	5fa7f6845c91e6e351880cee67a9efc3b892bd3b	/home/n/.julia/packages/Strided/yVKLF	
StridedViews	0.5.2	21dc3942c478661f72c527ff5d67baa98e555372	/home/n/.julia/packages/StridedViews/MHBDj	
StructIO	0.3.1	c581be48ae1cbf83e899b14c07a807e1787512cc	/home/n/.julia/packages/StructIO/c2JPj	
StructUtils	2.8.5	2d0fc55c61321ba245c47be599570d11bac50303	/home/n/.julia/packages/StructUtils/019BB	
SuiteSparse	nothing	nothing	/home/n/.julia/juliaup/julia-1.10.11+0.x64.linux.gnu/share/julia/stdlib/v1.10/SuiteSparse	
SuiteSparse_jll	7.2.1+1	nothing	/home/n/.julia/juliaup/julia-1.10.11+0.x64.linux.gnu/share/julia/stdlib/v1.10/SuiteSparse_jll	
SymbolicIndexingInterface	0.3.55	7eb6da9656581ac9fbffaef3ef7950a090a5002a	/home/n/.julia/packages/SymbolicIndexingInterface/faxpV	
TOML	1.0.3	nothing	/home/n/.julia/juliaup/julia-1.10.11+0.x64.linux.gnu/share/julia/stdlib/v1.10/TOML	
TSVD	0.4.4	c39caef6bae501e5607a6caf68dd9ac6e8addbcb	/home/n/.julia/packages/TSVD/JLekd	
TableTraits	1.0.1	c06b2f539df1c6efa794486abfb6ed2022561a39	/home/n/.julia/packages/TableTraits/o8VMV	
Tables	1.14.0	a94d9bdda1b7bed0046cea645639ab3f62196fac	/home/n/.julia/packages/Tables/qGyu7	
Tar	1.10.0	nothing	/home/n/.julia/juliaup/julia-1.10.11+0.x64.linux.gnu/share/julia/stdlib/v1.10/Tar	
TaskLocalValues	0.1.3	67e469338d9ce74fc578f7db1736a74d93a49eb8	/home/n/.julia/packages/TaskLocalValues/KoeHh	
TensorCast	0.4.9	67606dd3e705cc852c032975a6454e7130fed92c	/home/n/.julia/packages/TensorCast/aGqAS	
TerminalLoggers	0.1.8	81c9b4137edfe56a56efcdcb35d721b2ce3e2416	/home/n/.julia/packages/TerminalLoggers/kv4j5	
Test	nothing	nothing	/home/n/.julia/juliaup/julia-1.10.11+0.x64.linux.gnu/share/julia/stdlib/v1.10/Test	
Tracy	0.1.6	73e3ff50fd3990874c59fef0f35d10644a1487bc	/home/n/.julia/packages/Tracy/tYwAE	
TransmuteDims	0.1.17	488b1a1effa8c0b97cd3335a7c1cbd23a3f2f6d3	/home/n/.julia/packages/TransmuteDims/1ynEo	
TreeArrays	0.1.0	nothing	/home/n/.local/state/kb-agents-worktrees/BayesianRegressionModels-docs-eight-schools/test/.bootstrap/treearrays-c317cc003fc4	c317cc003fc41c2d933c27dc80799141eebd434e
Treebars	0.1.0	nothing	/home/n/.local/state/kb-agents-worktrees/BayesianRegressionModels-docs-eight-schools/test/.bootstrap/treebars-c02aa16ab1b0	c02aa16ab1b08e4f5283597fe678a88e69555cd1
TupleTools	1.6.0	41e43b9dc950775eac654b9f845c839cd2f1821e	/home/n/.julia/packages/TupleTools/2iodI	
Turing	0.46.1	653ea28a8ffc069c46f2867fdf57b831ac25fe64	/home/n/.julia/packages/Turing/4sXd9	
UUIDs	nothing	nothing	/home/n/.julia/juliaup/julia-1.10.11+0.x64.linux.gnu/share/julia/stdlib/v1.10/UUIDs	
Unicode	nothing	nothing	/home/n/.julia/juliaup/julia-1.10.11+0.x64.linux.gnu/share/julia/stdlib/v1.10/Unicode	
WarmupHMC	0.2.1	nothing	/home/n/.local/state/kb-agents-worktrees/BayesianRegressionModels-docs-eight-schools/test/.bootstrap/warmuphmc-deeea1d128d5	deeea1d128d5235ad0ecb2fd911a6d881f1ac2c2
Zlib_jll	1.2.13+1	nothing	/home/n/.julia/juliaup/julia-1.10.11+0.x64.linux.gnu/share/julia/stdlib/v1.10/Zlib_jll	
libblastrampoline_jll	5.11.0+0	nothing	/home/n/.julia/juliaup/julia-1.10.11+0.x64.linux.gnu/share/julia/stdlib/v1.10/libblastrampoline_jll	
nghttp2_jll	1.52.0+1	nothing	/home/n/.julia/juliaup/julia-1.10.11+0.x64.linux.gnu/share/julia/stdlib/v1.10/nghttp2_jll	
p7zip_jll	17.6.1+0	nothing	/home/n/.julia/juliaup/julia-1.10.11+0.x64.linux.gnu/share/julia/stdlib/v1.10/p7zip_jll	
