arm	parameter	mean	baseline_mean	mcse	baseline_mcse	z
ordinary_cp	population_mean	-49.96342195118559	-49.70074734560424	0.18258574713403922	0.19693232219838175	0.978116414514034
ordinary_cp	between_trial_sd	14.668873524207124	14.497537437984272	0.256870707972833	0.22105931983408203	0.5055728594794467
ordinary_cp	trial_1_total	-50.02225526599613	-49.8845254497704	0.11024938315862953	0.08246017568582459	1.0003928409430722
ordinary_cp	trial_2_total	-48.69103168465933	-48.748245191127005	0.08357161901490928	0.05598593673291054	0.5687710456105638
ordinary_cp	trial_3_total	-38.41252418327712	-38.620723976498944	0.09155530159587968	0.061742174501994755	1.88537975945549
ordinary_cp	trial_4_total	-48.85451675831205	-48.29817313543649	0.1412303015212813	0.138420807215136	2.813323350690495
ordinary_cp	trial_5_total	-63.939733706713255	-63.862803661348785	0.38778899985771653	0.2839706149578454	0.16005585190877722
ordinary_cp	trial_6_total	-51.443115926328886	-51.587565003208375	0.13578767016958002	0.10265477576846316	0.8485810875789851
ordinary_ncp	population_mean	-49.332747669085855	-49.70074734560424	0.43340202596810984	0.19693232219838175	0.7730340953432135
ordinary_ncp	between_trial_sd	14.86521610456172	14.497537437984272	0.49643872573557307	0.22105931983408203	0.6765860022706799
ordinary_ncp	trial_1_total	-49.9418209061578	-49.8845254497704	0.08624459452984573	0.08246017568582459	0.4801739291811865
ordinary_ncp	trial_2_total	-48.847161367900405	-48.748245191127005	0.05582814347543704	0.05598593673291054	1.2510808940641889
ordinary_ncp	trial_3_total	-38.543784472803445	-38.620723976498944	0.06273776032407943	0.061742174501994755	0.8740799054602479
ordinary_ncp	trial_4_total	-48.42239118332837	-48.29817313543649	0.13905520164554092	0.138420807215136	0.6331011809321119
ordinary_ncp	trial_5_total	-63.85537106928318	-63.862803661348785	0.29143104107185036	0.2839706149578454	0.018266178062361454
ordinary_ncp	trial_6_total	-51.39403148979385	-51.587565003208375	0.10713945305710336	0.10265477576846316	1.3043028321483559
ordinary_online_gradient	population_mean	-49.68259928271959	-49.70074734560424	0.21281884512583474	0.19693232219838175	0.0625891282609267
ordinary_online_gradient	between_trial_sd	14.63906359696128	14.497537437984272	0.19936150319874302	0.22105931983408203	0.47543361251786304
ordinary_online_gradient	trial_1_total	-49.90389238411671	-49.8845254497704	0.07949234925246271	0.08246017568582459	0.16908895709839875
ordinary_online_gradient	trial_2_total	-48.7550708992462	-48.748245191127005	0.055918344518012794	0.05598593673291054	0.0862612862186095
ordinary_online_gradient	trial_3_total	-38.557118732602206	-38.620723976498944	0.06568876642866968	0.061742174501994755	0.7055452126358677
ordinary_online_gradient	trial_4_total	-48.50180193618742	-48.29817313543649	0.1310569707687877	0.138420807215136	1.0682407830116405
ordinary_online_gradient	trial_5_total	-63.89155342357988	-63.862803661348785	0.2804611888833672	0.2839706149578454	0.07203264859653662
ordinary_online_gradient	trial_6_total	-51.36119275399046	-51.587565003208375	0.10084290169349876	0.10265477576846316	1.5731187707543843
ordinary_online_position	population_mean	-49.843833505723104	-49.70074734560424	0.1647057725001358	0.19693232219838175	0.5573408590334791
ordinary_online_position	between_trial_sd	14.177127510890015	14.497537437984272	0.19747553863638317	0.22105931983408203	1.08093839761353
ordinary_online_position	trial_1_total	-50.063360319291604	-49.8845254497704	0.08376136095584764	0.08246017568582459	1.5214812379483735
ordinary_online_position	trial_2_total	-48.719348608777615	-48.748245191127005	0.060435930977864	0.05598593673291054	0.3507598666898772
ordinary_online_position	trial_3_total	-38.549321738637005	-38.620723976498944	0.06661613486024123	0.061742174501994755	0.786122031402182
ordinary_online_position	trial_4_total	-48.60328011718297	-48.29817313543649	0.11765317087833088	0.138420807215136	1.6794927893531186
ordinary_online_position	trial_5_total	-63.63700547095733	-63.862803661348785	0.25072311683873455	0.2839706149578454	0.5960633247710239
ordinary_online_position	trial_6_total	-51.5022384748417	-51.587565003208375	0.09878351806650429	0.10265477576846316	0.5989310856650114
ordinary_posthoc_gradient	population_mean	-49.832519715719364	-49.70074734560424	0.222307725788847	0.19693232219838175	0.44369294201629716
ordinary_posthoc_gradient	between_trial_sd	13.99462974847366	14.497537437984272	0.210199012238689	0.22105931983408203	1.6486486422918447
ordinary_posthoc_gradient	trial_1_total	-49.756189470529286	-49.8845254497704	0.09115636454000803	0.08246017568582459	1.0440666418781863
ordinary_posthoc_gradient	trial_2_total	-48.644078073778424	-48.748245191127005	0.06093093257805794	0.05598593673291054	1.2588684985189156
ordinary_posthoc_gradient	trial_3_total	-38.682757942705344	-38.620723976498944	0.06143831916730206	0.061742174501994755	0.7121988783703198
ordinary_posthoc_gradient	trial_4_total	-48.398695811024396	-48.29817313543649	0.12850112868898358	0.138420807215136	0.532224760503022
ordinary_posthoc_gradient	trial_5_total	-63.23720479782992	-63.862803661348785	0.30502033406648155	0.2839706149578454	1.5011536752540677
ordinary_posthoc_gradient	trial_6_total	-51.247470017894244	-51.587565003208375	0.10467593654542914	0.10265477576846316	2.319695346249951
ordinary_posthoc_position	population_mean	-49.90017455442883	-49.70074734560424	0.17244612534224438	0.19693232219838175	0.7618609533185167
ordinary_posthoc_position	between_trial_sd	14.12740059818386	14.497537437984272	0.19339539857692653	0.22105931983408203	1.2601867906079338
ordinary_posthoc_position	trial_1_total	-49.90724789375223	-49.8845254497704	0.08636402640621063	0.08246017568582459	0.1902914406326379
ordinary_posthoc_position	trial_2_total	-48.72106822150985	-48.748245191127005	0.05861552427497084	0.05598593673291054	0.335283032093332
ordinary_posthoc_position	trial_3_total	-38.62936860001228	-38.620723976498944	0.060190786754859345	0.061742174501994755	0.10025471600898564
ordinary_posthoc_position	trial_4_total	-48.520799917375136	-48.29817313543649	0.13122538110812615	0.138420807215136	1.167195356953137
ordinary_posthoc_position	trial_5_total	-63.4297174535754	-63.862803661348785	0.26050359477012497	0.2839706149578454	1.1238517622841153
ordinary_posthoc_position	trial_6_total	-51.44096397527954	-51.587565003208375	0.1022711024458521	0.10265477576846316	1.0117062832191543
rbest_cp_native	population_mean	-49.67694481578438	-49.70074734560424	0.1451075368670626	0.19693232219838175	0.09730443500410652
rbest_cp_native	between_trial_sd	14.504331451350517	14.497537437984272	0.267014398591263	0.22105931983408203	0.019599246170270937
rbest_cp_native	trial_1_total	-49.917550809972624	-49.8845254497704	0.11509577437789496	0.08246017568582459	0.23325229424081256
rbest_cp_native	trial_2_total	-48.760615341479564	-48.748245191127005	0.09016171695214584	0.05598593673291054	0.11655667068136556
rbest_cp_native	trial_3_total	-38.50001072362359	-38.620723976498944	0.11963584394135453	0.061742174501994755	0.8966397061876228
rbest_cp_native	trial_4_total	-48.44930702999546	-48.29817313543649	0.16995207027484696	0.138420807215136	0.6895125524887493
rbest_cp_native	trial_5_total	-63.89302424718451	-63.862803661348785	0.36213678148103917	0.2839706149578454	0.06566863493269269
rbest_cp_native	trial_6_total	-51.2502088200776	-51.587565003208375	0.13011302702672645	0.10265477576846316	2.035541102731385
rbest_ncp_native	population_mean	-49.70074734560424	-49.70074734560424	0.19693232219838175	0.19693232219838175	0.0
rbest_ncp_native	between_trial_sd	14.497537437984272	14.497537437984272	0.22105931983408203	0.22105931983408203	0.0
rbest_ncp_native	trial_1_total	-49.8845254497704	-49.8845254497704	0.08246017568582459	0.08246017568582459	0.0
rbest_ncp_native	trial_2_total	-48.748245191127005	-48.748245191127005	0.05598593673291054	0.05598593673291054	0.0
rbest_ncp_native	trial_3_total	-38.620723976498944	-38.620723976498944	0.061742174501994755	0.061742174501994755	0.0
rbest_ncp_native	trial_4_total	-48.29817313543649	-48.29817313543649	0.138420807215136	0.138420807215136	0.0
rbest_ncp_native	trial_5_total	-63.862803661348785	-63.862803661348785	0.2839706149578454	0.2839706149578454	0.0
rbest_ncp_native	trial_6_total	-51.587565003208375	-51.587565003208375	0.10265477576846316	0.10265477576846316	0.0
s2z_cp_native	population_mean	-50.031526622003106	-49.70074734560424	0.10798681360942558	0.19693232219838175	1.4727726940339794
s2z_cp_native	between_trial_sd	14.844935668723972	14.497537437984272	0.1867598042346101	0.22105931983408203	1.2004509121151006
s2z_cp_native	trial_1_total	-50.006795143070505	-49.8845254497704	0.09600819997525699	0.08246017568582459	0.9661059958990419
s2z_cp_native	trial_2_total	-48.91033907585466	-48.748245191127005	0.05832408221046899	0.05598593673291054	2.0049636346950246
s2z_cp_native	trial_3_total	-38.41583130057978	-38.620723976498944	0.06548248717426801	0.061742174501994755	2.276577946915132
s2z_cp_native	trial_4_total	-48.515722508813084	-48.29817313543649	0.16361417525982228	0.138420807215136	1.0151027414244258
s2z_cp_native	trial_5_total	-64.40594981645397	-63.862803661348785	0.31431925934643723	0.2839706149578454	1.2822184817443587
s2z_cp_native	trial_6_total	-51.69325714714151	-51.587565003208375	0.11677017055935685	0.10265477576846316	0.6797902865469448
s2z_ncp_native	population_mean	-49.750995991971	-49.70074734560424	0.11832781979071649	0.19693232219838175	0.21871269363499168
s2z_ncp_native	between_trial_sd	14.434042887035199	14.497537437984272	0.1845695515311934	0.22105931983408203	0.2204816223115058
s2z_ncp_native	trial_1_total	-49.94615230642463	-49.8845254497704	0.09084807340229907	0.08246017568582459	0.5022936884016287
s2z_ncp_native	trial_2_total	-48.66805655636313	-48.748245191127005	0.05689947184293854	0.05598593673291054	1.004559783554811
s2z_ncp_native	trial_3_total	-38.602895995857494	-38.620723976498944	0.05755555842320504	0.061742174501994755	0.21121156368722388
s2z_ncp_native	trial_4_total	-48.46372123251825	-48.29817313543649	0.15530276566546236	0.138420807215136	0.7957639032871637
s2z_ncp_native	trial_5_total	-63.886771793125966	-63.862803661348785	0.27626993051694315	0.2839706149578454	0.0604969699115849
s2z_ncp_native	trial_6_total	-51.5056337376664	-51.587565003208375	0.10728678590288315	0.10265477576846316	0.5517731433560418
stan_cp_native	population_mean	-50.05413036687272	-49.70074734560424	0.13999643331096254	0.19693232219838175	1.4625430107604445
stan_cp_native	between_trial_sd	15.222964918269462	14.497537437984272	0.21787793069218914	0.22105931983408203	2.337196112056991
stan_cp_native	trial_1_total	-50.14720655003718	-49.8845254497704	0.10625357889224138	0.08246017568582459	1.9530596245901566
stan_cp_native	trial_2_total	-48.89895280021436	-48.748245191127005	0.06708579144920188	0.05598593673291054	1.7247759669912945
stan_cp_native	trial_3_total	-38.33434960523498	-38.620723976498944	0.07965218315152173	0.061742174501994755	2.8415852696679127
stan_cp_native	trial_4_total	-48.901976601200886	-48.29817313543649	0.13805358440681986	0.138420807215136	3.0885547556469923
stan_cp_native	trial_5_total	-64.81088614777525	-63.862803661348785	0.29892328706212296	0.2839706149578454	2.2994753762587603
stan_cp_native	trial_6_total	-51.66739004952964	-51.587565003208375	0.11403212879289666	0.10265477576846316	0.5202638941158519
stan_ncp_native	population_mean	-49.865866827814784	-49.70074734560424	0.20003369634878734	0.19693232219838175	0.5882294048552252
stan_ncp_native	between_trial_sd	14.240637617857383	14.497537437984272	0.21302886499233412	0.22105931983408203	0.8368093616643671
stan_ncp_native	trial_1_total	-49.8662478353915	-49.8845254497704	0.08914631115551801	0.08246017568582459	0.15051210154529016
stan_ncp_native	trial_2_total	-48.689446591026396	-48.748245191127005	0.058987312268639944	0.05598593673291054	0.7229982581343539
stan_ncp_native	trial_3_total	-38.65146574435276	-38.620723976498944	0.060162711880159404	0.061742174501994755	0.3566040512521722
stan_ncp_native	trial_4_total	-48.4391629664965	-48.29817313543649	0.13908735301380035	0.138420807215136	0.7184983530918836
stan_ncp_native	trial_5_total	-63.69462207011743	-63.862803661348785	0.2775580917763216	0.2839706149578454	0.4235387739803497
stan_ncp_native	trial_6_total	-51.33831752620433	-51.587565003208375	0.10976823369514432	0.10265477576846316	1.658444109335364
total_cp	population_mean	-49.87782764383182	-49.70074734560424	0.15828390506708911	0.19693232219838175	0.7008691681850419
total_cp	between_trial_sd	15.034026423419617	14.497537437984272	0.20444959387628317	0.22105931983408203	1.781707974912659
total_cp	trial_1_total	-50.03652095241104	-49.8845254497704	0.16845892054984415	0.08246017568582459	0.8103910190090058
total_cp	trial_2_total	-48.80101169798386	-48.748245191127005	0.1546933538815743	0.05598593673291054	0.32074409596308207
total_cp	trial_3_total	-38.30016117622623	-38.620723976498944	0.08246178920690013	0.061742174501994755	3.1118139755908794
total_cp	trial_4_total	-48.557357392327056	-48.29817313543649	0.15820813149615318	0.138420807215136	1.2329514209354477
total_cp	trial_5_total	-64.25219181460359	-63.862803661348785	0.36647660396459486	0.2839706149578454	0.8398846721290089
total_cp	trial_6_total	-51.654879763123326	-51.587565003208375	0.19142489243141012	0.10265477576846316	0.3099020606700098
total_ncp	population_mean	-49.91078553576689	-49.70074734560424	0.2066771041840596	0.19693232219838175	0.7357417792815187
total_ncp	between_trial_sd	16.050008877899167	14.497537437984272	1.8331876923066728	0.22105931983408203	0.840778924962406
total_ncp	trial_1_total	-49.929893247715746	-49.8845254497704	0.23611929497611356	0.08246017568582459	0.18139574389054247
total_ncp	trial_2_total	-49.16213507524942	-48.748245191127005	0.3577973938914066	0.05598593673291054	1.1428652685893699
total_ncp	trial_3_total	-38.62689602760908	-38.620723976498944	0.18399294013774267	0.061742174501994755	0.031802235996072695
total_ncp	trial_4_total	-47.80684219337371	-48.29817313543649	0.4898825902891326	0.138420807215136	0.9651670124764448
total_ncp	trial_5_total	-65.06684739038178	-63.862803661348785	1.7099306937450194	0.2839706149578454	0.6946339262090963
total_ncp	trial_6_total	-51.2868823588592	-51.587565003208375	0.3188521846572122	0.10265477576846316	0.897641247110582
total_online_gradient	population_mean	-49.751704382107604	-49.70074734560424	0.08920018705210891	0.19693232219838175	0.23570261176019092
total_online_gradient	between_trial_sd	14.82698469894603	14.497537437984272	0.1588644551987526	0.22105931983408203	1.2102127970441994
total_online_gradient	trial_1_total	-49.978755411788164	-49.8845254497704	0.081546011109753	0.08246017568582459	0.8125255684975552
total_online_gradient	trial_2_total	-48.84288971443696	-48.748245191127005	0.054085893331261826	0.05598593673291054	1.215820900487752
total_online_gradient	trial_3_total	-38.39353115340624	-38.620723976498944	0.06598300393441311	0.061742174501994755	2.5141653196066676
total_online_gradient	trial_4_total	-48.59148923425442	-48.29817313543649	0.1267126910419668	0.138420807215136	1.5630154147107216
total_online_gradient	trial_5_total	-64.05056021544529	-63.862803661348785	0.20840074855655072	0.2839706149578454	0.5330419587048365
total_online_gradient	trial_6_total	-51.49772382561943	-51.587565003208375	0.09497740131666195	0.10265477576846316	0.6423997080223168
total_online_position	population_mean	-49.86467987909199	-49.70074734560424	0.12333383561503465	0.19693232219838175	0.7054952770625422
total_online_position	between_trial_sd	15.05958385724655	14.497537437984272	0.15651961905296274	0.22105931983408203	2.07503729588845
total_online_position	trial_1_total	-50.02426046448581	-49.8845254497704	0.09544697278256833	0.08246017568582459	1.1078292154436562
total_online_position	trial_2_total	-48.80751217115624	-48.748245191127005	0.12120774610387879	0.05598593673291054	0.44390391965020537
total_online_position	trial_3_total	-38.22000971771138	-38.620723976498944	0.059655295388368015	0.061742174501994755	4.6674104969035595
total_online_position	trial_4_total	-48.61052667606139	-48.29817313543649	0.1443838844410337	0.138420807215136	1.5616305597942215
total_online_position	trial_5_total	-64.51864037593205	-63.862803661348785	0.2878130016277077	0.2839706149578454	1.6220685731628801
total_online_position	trial_6_total	-51.53669124073251	-51.587565003208375	0.15721087320020347	0.10265477576846316	0.2709531509649167
total_posthoc_gradient	population_mean	-50.044353968911196	-49.70074734560424	0.08813546868174538	0.19693232219838175	1.5925781365988827
total_posthoc_gradient	between_trial_sd	14.610274284662848	14.497537437984272	0.14485804140382313	0.22105931983408203	0.42655922226837517
total_posthoc_gradient	trial_1_total	-50.14729480014334	-49.8845254497704	0.0898899686577591	0.08246017568582459	2.154144786876092
total_posthoc_gradient	trial_2_total	-48.83829306886626	-48.748245191127005	0.05814552775152823	0.05598593673291054	1.1155919094965017
total_posthoc_gradient	trial_3_total	-38.510549936023075	-38.620723976498944	0.0746344304730762	0.061742174501994755	1.1374241265217637
total_posthoc_gradient	trial_4_total	-48.82964983118555	-48.29817313543649	0.11615435184050679	0.138420807215136	2.941225433242593
total_posthoc_gradient	trial_5_total	-64.21115337202706	-63.862803661348785	0.20712337081908927	0.2839706149578454	0.9910891203605814
total_posthoc_gradient	trial_6_total	-51.70741202588171	-51.587565003208375	0.08765379649124	0.10265477576846316	0.8878485072469314
total_posthoc_position	population_mean	-49.93428832035002	-49.70074734560424	0.10223436032270707	0.19693232219838175	1.0525182338685182
total_posthoc_position	between_trial_sd	14.763226054752367	14.497537437984272	0.166707659215885	0.22105931983408203	0.9596045920525483
total_posthoc_position	trial_1_total	-49.91947015205692	-49.8845254497704	0.09357992178009028	0.08246017568582459	0.2801689879781088
total_posthoc_position	trial_2_total	-48.83826843037214	-48.748245191127005	0.060780228427240034	0.05598593673291054	1.0893986939761635
total_posthoc_position	trial_3_total	-38.408294184696665	-38.620723976498944	0.06258577460120486	0.061742174501994755	2.4163044538645244
total_posthoc_position	trial_4_total	-48.5194890556143	-48.29817313543649	0.16260380831673316	0.138420807215136	1.0364031358423589
total_posthoc_position	trial_5_total	-64.335315066521	-63.862803661348785	0.2699165332824267	0.2839706149578454	1.2060525938679512
total_posthoc_position	trial_6_total	-51.58887303368661	-51.587565003208375	0.09703274677764825	0.10265477576846316	0.009259976356403623
