model	sampler	qoi	bulk_ess	mcse
brms NCP	Native Stan	population_intercept_at_mean_load	170.2980565072976	43.513262176850915
brms NCP	Native Stan	population_load	401.42284325785033	0.7922137342931653
brms NCP	Native Stan	log_tau_intercept	322.0528388715402	0.008615822342735838
brms NCP	Native Stan	log_tau_load	513.9001301901803	0.009901510235389651
brms NCP	Native Stan	log_sigma_intercept	2509.4283387581327	0.0002991330088587515
brms NCP	Native Stan	log_sigma_subj_slope	3953.827855092968	4.534684672562029e-5
brms NCP	Native Stan	total_intercept[701]	2700.1073463819594	1.0081331764962276
brms NCP	Native Stan	total_intercept[702]	2512.422776706568	0.6758339004023817
brms NCP	Native Stan	total_intercept[703]	3115.242164133324	0.6529686598105826
brms NCP	Native Stan	total_intercept[704]	2730.7100734336236	0.7893330330913008
brms NCP	Native Stan	total_intercept[705]	3146.0804739177192	0.8315045028748825
brms NCP	Native Stan	total_intercept[706]	2561.9094782005523	0.9256861652724495
brms NCP	Native Stan	total_intercept[707]	2469.9753162426937	0.9970172763917565
brms NCP	Native Stan	total_intercept[708]	2475.136085445872	1.0816085427848343
brms NCP	Native Stan	total_intercept[709]	2751.9349239953704	1.121000596886654
brms NCP	Native Stan	total_intercept[710]	2660.052088539316	1.204903338382326
brms NCP	Native Stan	total_intercept[711]	2640.8724449668757	1.2996652488762352
brms NCP	Native Stan	total_intercept[712]	2685.3067153387165	1.438388732831718
brms NCP	Native Stan	total_intercept[713]	2010.0596600592437	1.7109523209917032
brms NCP	Native Stan	total_intercept[714]	2276.855850506495	1.7109019668220726
brms NCP	Native Stan	total_intercept[715]	2066.5662521155928	1.917348165631214
brms NCP	Native Stan	total_intercept[716]	2065.119604989017	2.8278465327811517
brms NCP	Native Stan	total_intercept[717]	2233.0604759607804	2.2553554368827164
brms NCP	Native Stan	total_intercept[718]	1603.9964928735699	2.9055110081391486
brms NCP	Native Stan	total_intercept[719]	2525.691966046216	2.3452812069576257
brms NCP	Native Stan	total_intercept[720]	1776.9865524077222	2.9214829710608066
brms NCP	Native Stan	total_load[701]	3229.016955523093	0.3070469943621317
brms NCP	Native Stan	total_load[702]	3235.673696248896	0.1990593431459088
brms NCP	Native Stan	total_load[703]	3731.4474040358737	0.20407756434603141
brms NCP	Native Stan	total_load[704]	3585.504975148045	0.22898418254885333
brms NCP	Native Stan	total_load[705]	4010.820720657887	0.24801030539335112
brms NCP	Native Stan	total_load[706]	3752.1495645762666	0.25646726974354556
brms NCP	Native Stan	total_load[707]	2804.861328718788	0.311178863185088
brms NCP	Native Stan	total_load[708]	3043.917942895188	0.3165038148605611
brms NCP	Native Stan	total_load[709]	3079.6570806182367	0.3409348492096192
brms NCP	Native Stan	total_load[710]	3022.387576243674	0.37321249076473423
brms NCP	Native Stan	total_load[711]	2945.7218050535303	0.38776919583258446
brms NCP	Native Stan	total_load[712]	2887.826103028058	0.447601434897976
brms NCP	Native Stan	total_load[713]	2643.600375342495	0.4730523751290477
brms NCP	Native Stan	total_load[714]	2294.245865545189	0.545777083738007
brms NCP	Native Stan	total_load[715]	2306.0863154721305	0.5794663459134752
brms NCP	Native Stan	total_load[716]	2120.8278415859854	0.813943648185094
brms NCP	Native Stan	total_load[717]	2344.3718877168367	0.706983189475484
brms NCP	Native Stan	total_load[718]	1547.4359398072306	0.9364347140908278
brms NCP	Native Stan	total_load[719]	2670.164756742771	0.7347690325003795
brms NCP	Native Stan	total_load[720]	2191.343784718901	0.8055155931078491
brms NCP	WHMC	population_intercept_at_mean_load	129.53312271536436	42.432854236131895
brms NCP	WHMC	population_load	536.4232174241685	0.661163712412412
brms NCP	WHMC	log_tau_intercept	83.74104966131779	0.016702562396953863
brms NCP	WHMC	log_tau_load	436.0851940783442	0.010445885618230117
brms NCP	WHMC	log_sigma_intercept	3409.280964466746	0.00026085090707818245
brms NCP	WHMC	log_sigma_subj_slope	4888.062996665305	4.005211101166372e-5
brms NCP	WHMC	total_intercept[701]	2529.2385055555333	1.0679575641953152
brms NCP	WHMC	total_intercept[702]	2631.7724027128734	0.6804879261099146
brms NCP	WHMC	total_intercept[703]	2508.867188871734	0.7359644994827689
brms NCP	WHMC	total_intercept[704]	2699.4020264551723	0.7800671329286977
brms NCP	WHMC	total_intercept[705]	2341.5283628459597	0.9688245481641888
brms NCP	WHMC	total_intercept[706]	2531.5163610120558	0.9153516099259954
brms NCP	WHMC	total_intercept[707]	2225.06896478339	1.08460384209496
brms NCP	WHMC	total_intercept[708]	2540.3821023778933	1.040606171061999
brms NCP	WHMC	total_intercept[709]	2333.379206309299	1.177951247993284
brms NCP	WHMC	total_intercept[710]	2559.7599118522194	1.274006411632612
brms NCP	WHMC	total_intercept[711]	2196.7875203326385	1.4633409723764985
brms NCP	WHMC	total_intercept[712]	2394.4036957736716	1.5346065146052768
brms NCP	WHMC	total_intercept[713]	2022.3733908219094	1.6684957290082365
brms NCP	WHMC	total_intercept[714]	2087.8499952277416	1.8098394157566398
brms NCP	WHMC	total_intercept[715]	2484.0023948948274	1.8234094887124932
brms NCP	WHMC	total_intercept[716]	2195.5928781445114	2.6111244602361663
brms NCP	WHMC	total_intercept[717]	2140.6300344857327	2.198445715257158
brms NCP	WHMC	total_intercept[718]	1752.9382218884261	2.764499277003685
brms NCP	WHMC	total_intercept[719]	1956.381219867414	2.565469529822477
brms NCP	WHMC	total_intercept[720]	2522.322675524044	2.396609103202354
brms NCP	WHMC	total_load[701]	3156.7651227538104	0.32006977501933315
brms NCP	WHMC	total_load[702]	3179.164228714625	0.2070513263911536
brms NCP	WHMC	total_load[703]	2696.998444961252	0.23485049063680852
brms NCP	WHMC	total_load[704]	3227.2570183703856	0.23793176992494075
brms NCP	WHMC	total_load[705]	2605.2816491855633	0.3084475941957046
brms NCP	WHMC	total_load[706]	2799.051919417603	0.27790526746549143
brms NCP	WHMC	total_load[707]	2493.557301636299	0.33127956057065927
brms NCP	WHMC	total_load[708]	2459.4296884524483	0.3432953262557168
brms NCP	WHMC	total_load[709]	2471.2683797980435	0.3761650289153768
brms NCP	WHMC	total_load[710]	2895.2617289626846	0.38425072213802125
brms NCP	WHMC	total_load[711]	2386.19919015822	0.4619217148620885
brms NCP	WHMC	total_load[712]	2729.6621401545895	0.4663103032921422
brms NCP	WHMC	total_load[713]	2292.600265326256	0.519143763551451
brms NCP	WHMC	total_load[714]	2280.061015874836	0.5482240137939159
brms NCP	WHMC	total_load[715]	2477.5087941782886	0.5695784195071185
brms NCP	WHMC	total_load[716]	2482.932813765674	0.7535547010864694
brms NCP	WHMC	total_load[717]	1832.9736717083347	0.7591590162293868
brms NCP	WHMC	total_load[718]	1540.580216639195	0.9310754712684337
brms NCP	WHMC	total_load[719]	1929.1083169958338	0.8279146964589776
brms NCP	WHMC	total_load[720]	2338.323961902373	0.7648595147758829
brms CP	WHMC	population_intercept_at_mean_load	47.32995819529875	75.24250616664781
brms CP	WHMC	population_load	1585.5002511873856	0.3890983349731797
brms CP	WHMC	log_tau_intercept	889.4117547246819	0.005411946053777453
brms CP	WHMC	log_tau_load	1354.492433190799	0.006129545812507796
brms CP	WHMC	log_sigma_intercept	5512.542500611573	0.00020585449678825707
brms CP	WHMC	log_sigma_subj_slope	4283.317998740229	4.142814322554796e-5
brms CP	WHMC	total_intercept[701]	2501.726577981414	1.0694309450982968
brms CP	WHMC	total_intercept[702]	2044.6509727353125	0.7464599725055042
brms CP	WHMC	total_intercept[703]	1959.8898198533811	0.821844197909283
brms CP	WHMC	total_intercept[704]	2324.7046810867155	0.8532042429936704
brms CP	WHMC	total_intercept[705]	2452.0115034306623	0.937817671501516
brms CP	WHMC	total_intercept[706]	2621.6917227679273	0.8877199057823101
brms CP	WHMC	total_intercept[707]	2227.242662382454	1.0646354576584123
brms CP	WHMC	total_intercept[708]	2287.4494883397965	1.1312094229691803
brms CP	WHMC	total_intercept[709]	2368.351967192505	1.208901967986695
brms CP	WHMC	total_intercept[710]	2510.114902308189	1.2596569694361472
brms CP	WHMC	total_intercept[711]	2864.0605774692467	1.274190557688307
brms CP	WHMC	total_intercept[712]	1970.5234330966723	1.7142763061683757
brms CP	WHMC	total_intercept[713]	2401.508506291325	1.5595163908474357
brms CP	WHMC	total_intercept[714]	1737.885656044442	1.9388428480218338
brms CP	WHMC	total_intercept[715]	2076.8988384325285	1.9983637131953886
brms CP	WHMC	total_intercept[716]	2126.0685444336973	2.6738282291019186
brms CP	WHMC	total_intercept[717]	2030.2898748756425	2.3006140615624644
brms CP	WHMC	total_intercept[718]	2040.2767713427265	2.568433813137376
brms CP	WHMC	total_intercept[719]	2411.523277295798	2.34054366590848
brms CP	WHMC	total_intercept[720]	2428.3735514173595	2.5511783755802715
brms CP	WHMC	total_load[701]	2838.357466672662	0.3373462222876934
brms CP	WHMC	total_load[702]	2482.5288979863913	0.225210077261157
brms CP	WHMC	total_load[703]	2090.769932574927	0.2614604429353279
brms CP	WHMC	total_load[704]	2528.6157820167527	0.2685846814776694
brms CP	WHMC	total_load[705]	2933.8078118892076	0.28272813610338116
brms CP	WHMC	total_load[706]	2897.0841900502755	0.27546917950865174
brms CP	WHMC	total_load[707]	2505.6720893614915	0.321694216735155
brms CP	WHMC	total_load[708]	2589.9361502425886	0.3571038240282767
brms CP	WHMC	total_load[709]	2559.924889176415	0.37800551948902644
brms CP	WHMC	total_load[710]	2772.65507576491	0.39878434009033864
brms CP	WHMC	total_load[711]	2989.1823157443296	0.3983800686600609
brms CP	WHMC	total_load[712]	1928.715369277849	0.5657722746515719
brms CP	WHMC	total_load[713]	2862.9044824112366	0.46050461954472055
brms CP	WHMC	total_load[714]	2094.1554279546713	0.5797640092217758
brms CP	WHMC	total_load[715]	2275.5305903352246	0.5856163296375423
brms CP	WHMC	total_load[716]	1722.8674157236778	0.8829639219262259
brms CP	WHMC	total_load[717]	1661.6132766441883	0.8137565759524868
brms CP	WHMC	total_load[718]	2276.493718226026	0.7958878866728847
brms CP	WHMC	total_load[719]	2378.810444990139	0.7154074184717394
brms CP	WHMC	total_load[720]	3085.858771506671	0.71686114930544
brms S2Z CP	Native Stan	population_intercept_at_mean_load	2045.9587120584363	11.779636313984714
brms S2Z CP	Native Stan	population_load	2211.1647421967086	0.33063486159947564
brms S2Z CP	Native Stan	log_tau_intercept	3111.1679440725634	0.0028532933539618427
brms S2Z CP	Native Stan	log_tau_load	2053.5232422106214	0.005124306657651246
brms S2Z CP	Native Stan	log_sigma_intercept	2647.115074614622	0.0002779998379235393
brms S2Z CP	Native Stan	log_sigma_subj_slope	2388.757101863516	5.938013553397836e-5
brms S2Z CP	Native Stan	total_intercept[701]	3041.2844801495817	1.007699475313013
brms S2Z CP	Native Stan	total_intercept[702]	2757.7590507988857	0.6672665322078672
brms S2Z CP	Native Stan	total_intercept[703]	3106.6606361549298	0.6609800184919727
brms S2Z CP	Native Stan	total_intercept[704]	2875.8762324051377	0.7857270595087503
brms S2Z CP	Native Stan	total_intercept[705]	2989.8195309316916	0.8810457333593678
brms S2Z CP	Native Stan	total_intercept[706]	2630.6841291186674	0.8942202721940019
brms S2Z CP	Native Stan	total_intercept[707]	3870.015747114801	0.7952087452440681
brms S2Z CP	Native Stan	total_intercept[708]	2802.813402076513	0.9948349508458688
brms S2Z CP	Native Stan	total_intercept[709]	3095.5332874062838	1.052635773258439
brms S2Z CP	Native Stan	total_intercept[710]	3135.396387386314	1.1222943524278868
brms S2Z CP	Native Stan	total_intercept[711]	3123.9291690325563	1.1655936989240392
brms S2Z CP	Native Stan	total_intercept[712]	2999.428874212123	1.3604360534586704
brms S2Z CP	Native Stan	total_intercept[713]	2898.483627836468	1.4537661791252943
brms S2Z CP	Native Stan	total_intercept[714]	3138.487306743755	1.4780275345457765
brms S2Z CP	Native Stan	total_intercept[715]	3140.0005738891623	1.5910715824141293
brms S2Z CP	Native Stan	total_intercept[716]	2929.399282701379	2.2793118555977614
brms S2Z CP	Native Stan	total_intercept[717]	2083.4618120368946	2.345372323689768
brms S2Z CP	Native Stan	total_intercept[718]	2783.2208920962357	2.1999004561302393
brms S2Z CP	Native Stan	total_intercept[719]	3208.161261171235	2.0198405811380646
brms S2Z CP	Native Stan	total_intercept[720]	3083.276140106348	2.1406837738180853
brms S2Z CP	Native Stan	total_load[701]	2692.1778571570717	0.355045386810451
brms S2Z CP	Native Stan	total_load[702]	2773.044796253341	0.22012970795265963
brms S2Z CP	Native Stan	total_load[703]	3014.53201493694	0.21594894848360122
brms S2Z CP	Native Stan	total_load[704]	2975.754865520104	0.25799853106862397
brms S2Z CP	Native Stan	total_load[705]	3274.856903636197	0.2770682368393186
brms S2Z CP	Native Stan	total_load[706]	2969.731453500077	0.2771193409217648
brms S2Z CP	Native Stan	total_load[707]	3402.313929433389	0.27104148810714124
brms S2Z CP	Native Stan	total_load[708]	2904.187152613746	0.32209582003215126
brms S2Z CP	Native Stan	total_load[709]	3157.484356727911	0.33791966406170193
brms S2Z CP	Native Stan	total_load[710]	3032.4247377652114	0.36722772166367296
brms S2Z CP	Native Stan	total_load[711]	3018.7756904051375	0.3866210988005625
brms S2Z CP	Native Stan	total_load[712]	3100.5819511599434	0.4355986844584663
brms S2Z CP	Native Stan	total_load[713]	2734.611107028162	0.47892271995209956
brms S2Z CP	Native Stan	total_load[714]	2860.582841293608	0.49850846544963084
brms S2Z CP	Native Stan	total_load[715]	3100.6141800011656	0.5126308836765624
brms S2Z CP	Native Stan	total_load[716]	3017.3331064555955	0.6800180467539203
brms S2Z CP	Native Stan	total_load[717]	2199.426048473249	0.7285429142541405
brms S2Z CP	Native Stan	total_load[718]	2454.606022565897	0.7680706042035931
brms S2Z CP	Native Stan	total_load[719]	2992.6350846012556	0.6477877595715186
brms S2Z CP	Native Stan	total_load[720]	2748.445710515311	0.7294502910767747
brms S2Z CP	WHMC	population_intercept_at_mean_load	1993.7946624096169	12.476820296159445
brms S2Z CP	WHMC	population_load	2183.6016000471072	0.3262097150535707
brms S2Z CP	WHMC	log_tau_intercept	2069.6974509754828	0.0035725520744136333
brms S2Z CP	WHMC	log_tau_load	2094.6750577798184	0.004747046525059712
brms S2Z CP	WHMC	log_sigma_intercept	2322.3338904109783	0.0003219349371355453
brms S2Z CP	WHMC	log_sigma_subj_slope	2352.808743829645	5.733971947256973e-5
brms S2Z CP	WHMC	total_intercept[701]	2307.264267143668	1.1342725844686865
brms S2Z CP	WHMC	total_intercept[702]	2656.93345532077	0.6523675166413612
brms S2Z CP	WHMC	total_intercept[703]	2775.485206881984	0.7563116564952331
brms S2Z CP	WHMC	total_intercept[704]	3637.1749828149755	0.7016987581762352
brms S2Z CP	WHMC	total_intercept[705]	2688.426480554762	0.904763211453855
brms S2Z CP	WHMC	total_intercept[706]	3118.0943454909984	0.8396379628626951
brms S2Z CP	WHMC	total_intercept[707]	3286.9684923644418	0.8447809651410796
brms S2Z CP	WHMC	total_intercept[708]	3007.7512524958065	0.9566722399387925
brms S2Z CP	WHMC	total_intercept[709]	3976.737679896361	0.9030992698174837
brms S2Z CP	WHMC	total_intercept[710]	4511.608822291811	0.9589561109932507
brms S2Z CP	WHMC	total_intercept[711]	3440.2477171744617	1.1025537361722033
brms S2Z CP	WHMC	total_intercept[712]	3742.3515541724933	1.2133879808608472
brms S2Z CP	WHMC	total_intercept[713]	4084.111622070167	1.1909924416390392
brms S2Z CP	WHMC	total_intercept[714]	3237.948222120944	1.5034701719483778
brms S2Z CP	WHMC	total_intercept[715]	3366.41119651762	1.4564786818979027
brms S2Z CP	WHMC	total_intercept[716]	2577.69655202613	2.3950228489055703
brms S2Z CP	WHMC	total_intercept[717]	3530.366632321915	1.7806977807705189
brms S2Z CP	WHMC	total_intercept[718]	2845.9069810053343	2.0511756768523273
brms S2Z CP	WHMC	total_intercept[719]	3279.2787492643506	1.9651802405081935
brms S2Z CP	WHMC	total_intercept[720]	3686.7292875297703	1.9820697545861325
brms S2Z CP	WHMC	total_load[701]	2530.6267286440625	0.3637203936477223
brms S2Z CP	WHMC	total_load[702]	2693.8425562694074	0.211165524983365
brms S2Z CP	WHMC	total_load[703]	3105.711087049416	0.2351911685490319
brms S2Z CP	WHMC	total_load[704]	3369.9648653449326	0.2375865253059481
brms S2Z CP	WHMC	total_load[705]	2606.8890839553146	0.3038697732512741
brms S2Z CP	WHMC	total_load[706]	3375.7734271354393	0.26646083716978664
brms S2Z CP	WHMC	total_load[707]	3202.5256263856973	0.28327652523973285
brms S2Z CP	WHMC	total_load[708]	2470.502427265599	0.342096259833084
brms S2Z CP	WHMC	total_load[709]	4002.914141723238	0.2941045497885895
brms S2Z CP	WHMC	total_load[710]	4039.0651834556593	0.3328243259021388
brms S2Z CP	WHMC	total_load[711]	3063.737050291508	0.37921216328971696
brms S2Z CP	WHMC	total_load[712]	3665.0661012057053	0.40592407857648277
brms S2Z CP	WHMC	total_load[713]	4020.1818412331727	0.3853223889216207
brms S2Z CP	WHMC	total_load[714]	2974.214349358958	0.5040918842516579
brms S2Z CP	WHMC	total_load[715]	3758.8699641583307	0.4495273391897273
brms S2Z CP	WHMC	total_load[716]	2696.917280167185	0.711108333918515
brms S2Z CP	WHMC	total_load[717]	3554.4109606903075	0.5494135908477554
brms S2Z CP	WHMC	total_load[718]	3030.498503523581	0.6573912725852424
brms S2Z CP	WHMC	total_load[719]	3459.9970272761716	0.5978457516462167
brms S2Z CP	WHMC	total_load[720]	2940.4890730742227	0.6749695379327874
brms S2Z NCP	Native Stan	population_intercept_at_mean_load	2052.151733955908	11.957471939515145
brms S2Z NCP	Native Stan	population_load	2023.0685873945865	0.32393971134580707
brms S2Z NCP	Native Stan	log_tau_intercept	149.97339845151416	0.013049014686866662
brms S2Z NCP	Native Stan	log_tau_load	502.3428846284195	0.009633954052655177
brms S2Z NCP	Native Stan	log_sigma_intercept	3683.747504131079	0.00024699149693128617
brms S2Z NCP	Native Stan	log_sigma_subj_slope	3192.41597042124	4.905893239097895e-5
brms S2Z NCP	Native Stan	total_intercept[701]	2806.3462947072253	1.010002490889646
brms S2Z NCP	Native Stan	total_intercept[702]	3198.1869144757675	0.6234359519032123
brms S2Z NCP	Native Stan	total_intercept[703]	2781.447878628677	0.7107579514778128
brms S2Z NCP	Native Stan	total_intercept[704]	2185.0112837657693	0.8583078149210351
brms S2Z NCP	Native Stan	total_intercept[705]	3214.5953408619325	0.8332054341076162
brms S2Z NCP	Native Stan	total_intercept[706]	2783.3959553291443	0.8867942835485118
brms S2Z NCP	Native Stan	total_intercept[707]	2655.145835550987	0.9625284940351786
brms S2Z NCP	Native Stan	total_intercept[708]	2610.3380616058207	1.0883115736602058
brms S2Z NCP	Native Stan	total_intercept[709]	2609.096217723365	1.1355120447657276
brms S2Z NCP	Native Stan	total_intercept[710]	3010.2283968432353	1.1709021734807634
brms S2Z NCP	Native Stan	total_intercept[711]	2067.403157694418	1.492373992139886
brms S2Z NCP	Native Stan	total_intercept[712]	2532.051762059052	1.4601157717889168
brms S2Z NCP	Native Stan	total_intercept[713]	2552.040573937661	1.5587718107066038
brms S2Z NCP	Native Stan	total_intercept[714]	2398.169625165443	1.673436979090203
brms S2Z NCP	Native Stan	total_intercept[715]	2885.2840097948892	1.6634074988424143
brms S2Z NCP	Native Stan	total_intercept[716]	2807.881767124859	2.34392650178704
brms S2Z NCP	Native Stan	total_intercept[717]	2840.345516064023	2.0329405945735464
brms S2Z NCP	Native Stan	total_intercept[718]	2395.201761494479	2.2964820296867883
brms S2Z NCP	Native Stan	total_intercept[719]	2855.074527624666	2.1687262915441434
brms S2Z NCP	Native Stan	total_intercept[720]	2537.5689988411673	2.506747834351263
brms S2Z NCP	Native Stan	total_load[701]	2698.1746760995143	0.3368665522064052
brms S2Z NCP	Native Stan	total_load[702]	3334.7199386867637	0.202926999738143
brms S2Z NCP	Native Stan	total_load[703]	3411.247935307832	0.2123960397988145
brms S2Z NCP	Native Stan	total_load[704]	3097.398002598536	0.24108563729414073
brms S2Z NCP	Native Stan	total_load[705]	4083.255591442469	0.23741713513848425
brms S2Z NCP	Native Stan	total_load[706]	3426.1807694169847	0.2560174237860856
brms S2Z NCP	Native Stan	total_load[707]	3444.122557634915	0.27810938164754867
brms S2Z NCP	Native Stan	total_load[708]	3146.4784084265348	0.3323634054032433
brms S2Z NCP	Native Stan	total_load[709]	3340.9951334090692	0.32266984574576624
brms S2Z NCP	Native Stan	total_load[710]	3287.1966826912267	0.3704180524934463
brms S2Z NCP	Native Stan	total_load[711]	2129.992061978682	0.4767355645663529
brms S2Z NCP	Native Stan	total_load[712]	2890.898229735246	0.4419056673603157
brms S2Z NCP	Native Stan	total_load[713]	3950.276318395102	0.4067891573021399
brms S2Z NCP	Native Stan	total_load[714]	2742.154596952208	0.4948966415069316
brms S2Z NCP	Native Stan	total_load[715]	3408.12036889147	0.4681480855540363
brms S2Z NCP	Native Stan	total_load[716]	2919.424211827972	0.7007961693381004
brms S2Z NCP	Native Stan	total_load[717]	2622.7782538968013	0.6925745258312452
brms S2Z NCP	Native Stan	total_load[718]	2176.1224651113794	0.775497166978904
brms S2Z NCP	Native Stan	total_load[719]	3609.8473492941653	0.5924279622234135
brms S2Z NCP	Native Stan	total_load[720]	2551.426369771931	0.7483936832760785
brms S2Z NCP	WHMC	population_intercept_at_mean_load	2052.9249753056733	12.56905222789714
brms S2Z NCP	WHMC	population_load	2070.8222326746954	0.3326707493844934
brms S2Z NCP	WHMC	log_tau_intercept	88.33167026434374	0.015154749517592827
brms S2Z NCP	WHMC	log_tau_load	570.1812154479792	0.009044138930241863
brms S2Z NCP	WHMC	log_sigma_intercept	4194.498933666648	0.0002332623466444231
brms S2Z NCP	WHMC	log_sigma_subj_slope	3800.2453180541834	4.4585734230650624e-5
brms S2Z NCP	WHMC	total_intercept[701]	1653.3530212943363	1.305783195611845
brms S2Z NCP	WHMC	total_intercept[702]	2452.006619916413	0.6941479058522906
brms S2Z NCP	WHMC	total_intercept[703]	2312.3702281857	0.7783480043558072
brms S2Z NCP	WHMC	total_intercept[704]	2537.930702574195	0.7772795721602759
brms S2Z NCP	WHMC	total_intercept[705]	2249.3159846016997	0.9647518557484297
brms S2Z NCP	WHMC	total_intercept[706]	2579.8858800766075	0.9330977893987275
brms S2Z NCP	WHMC	total_intercept[707]	2382.824640657589	1.0081195272913959
brms S2Z NCP	WHMC	total_intercept[708]	2545.791484695917	1.1000793213296831
brms S2Z NCP	WHMC	total_intercept[709]	2022.453102049501	1.3240573838300949
brms S2Z NCP	WHMC	total_intercept[710]	2376.3806683614944	1.3100396664423903
brms S2Z NCP	WHMC	total_intercept[711]	1834.862736800576	1.5342854070434724
brms S2Z NCP	WHMC	total_intercept[712]	2839.6463393835506	1.414752336520049
brms S2Z NCP	WHMC	total_intercept[713]	2784.5469752088693	1.4100581008455975
brms S2Z NCP	WHMC	total_intercept[714]	2095.730730274053	1.7599139145466147
brms S2Z NCP	WHMC	total_intercept[715]	2211.56979794047	1.9811440062298256
brms S2Z NCP	WHMC	total_intercept[716]	1841.4902512547262	2.93634487642034
brms S2Z NCP	WHMC	total_intercept[717]	2204.2497095392473	2.2917477340594083
brms S2Z NCP	WHMC	total_intercept[718]	1784.485799702125	2.7650251998979125
brms S2Z NCP	WHMC	total_intercept[719]	2858.6113972675885	2.166845056236166
brms S2Z NCP	WHMC	total_intercept[720]	2988.8266992925946	2.2061383249390314
brms S2Z NCP	WHMC	total_load[701]	1566.6801724408401	0.44264766276346484
brms S2Z NCP	WHMC	total_load[702]	2640.9309855894257	0.22335243093444904
brms S2Z NCP	WHMC	total_load[703]	2185.9479584181886	0.2663609030935183
brms S2Z NCP	WHMC	total_load[704]	2482.125805059773	0.26535895430523937
brms S2Z NCP	WHMC	total_load[705]	2383.2929571165782	0.31003085773088196
brms S2Z NCP	WHMC	total_load[706]	2858.883262562842	0.28980937653955835
brms S2Z NCP	WHMC	total_load[707]	2115.07368687845	0.3459814416168647
brms S2Z NCP	WHMC	total_load[708]	2629.3456210464233	0.3505052567389755
brms S2Z NCP	WHMC	total_load[709]	2007.2465147305195	0.42924186236718775
brms S2Z NCP	WHMC	total_load[710]	2429.1926461468684	0.42172557258599624
brms S2Z NCP	WHMC	total_load[711]	1645.5062443329043	0.5298639416922111
brms S2Z NCP	WHMC	total_load[712]	2362.514538112594	0.517256857655686
brms S2Z NCP	WHMC	total_load[713]	3053.320458101232	0.4284642309399641
brms S2Z NCP	WHMC	total_load[714]	1788.9289067032548	0.6084361195551762
brms S2Z NCP	WHMC	total_load[715]	1860.1580062960395	0.6700003983135713
brms S2Z NCP	WHMC	total_load[716]	1656.6690973320708	0.9172849778404811
brms S2Z NCP	WHMC	total_load[717]	2020.1025438243141	0.7826864821458536
brms S2Z NCP	WHMC	total_load[718]	1594.789712448096	0.9319775827608321
brms S2Z NCP	WHMC	total_load[719]	2624.241327308736	0.693136939275761
brms S2Z NCP	WHMC	total_load[720]	2478.1367208670717	0.7531164087081322
brms S2Z auto	Native Stan	population_intercept_at_mean_load	1916.227549791921	12.533699989848804
brms S2Z auto	Native Stan	population_load	1830.4061029002805	0.36148631696708
brms S2Z auto	Native Stan	log_tau_intercept	3989.1219341208052	0.002513916236739012
brms S2Z auto	Native Stan	log_tau_load	1826.753280301886	0.005142004304436758
brms S2Z auto	Native Stan	log_sigma_intercept	3381.6153825690753	0.00026308897133921156
brms S2Z auto	Native Stan	log_sigma_subj_slope	4412.406594071237	4.1745348454712344e-5
brms S2Z auto	Native Stan	total_intercept[701]	2573.950391036586	1.0726132493692904
brms S2Z auto	Native Stan	total_intercept[702]	2698.8585926925257	0.6576498166317314
brms S2Z auto	Native Stan	total_intercept[703]	2554.6974873563213	0.7331035030556163
brms S2Z auto	Native Stan	total_intercept[704]	2524.865911149641	0.8273117794660446
brms S2Z auto	Native Stan	total_intercept[705]	1968.575761566492	1.0710516373179348
brms S2Z auto	Native Stan	total_intercept[706]	2602.3420953216582	0.9295765949303076
brms S2Z auto	Native Stan	total_intercept[707]	1941.4281938317881	1.1210421425054917
brms S2Z auto	Native Stan	total_intercept[708]	2022.9841098005554	1.1910417034668466
brms S2Z auto	Native Stan	total_intercept[709]	2102.593537140982	1.2852416916682874
brms S2Z auto	Native Stan	total_intercept[710]	2285.2061497145755	1.3604843000084221
brms S2Z auto	Native Stan	total_intercept[711]	2031.4448759053603	1.5140115077806158
brms S2Z auto	Native Stan	total_intercept[712]	1793.389513006693	1.7641912138563964
brms S2Z auto	Native Stan	total_intercept[713]	2351.4780288901134	1.641896456642127
brms S2Z auto	Native Stan	total_intercept[714]	2249.2945684066012	1.7744857572544541
brms S2Z auto	Native Stan	total_intercept[715]	2220.0648691976367	1.840012786209529
brms S2Z auto	Native Stan	total_intercept[716]	1972.0404264864342	2.9148474231570116
brms S2Z auto	Native Stan	total_intercept[717]	1502.5446578902295	2.727850558529326
brms S2Z auto	Native Stan	total_intercept[718]	2411.9659527048134	2.31550019139699
brms S2Z auto	Native Stan	total_intercept[719]	2213.1940628741163	2.542969778101087
brms S2Z auto	Native Stan	total_intercept[720]	2009.1533180008732	2.6656204135431736
brms S2Z auto	Native Stan	total_load[701]	2692.135199545949	0.3472688249880622
brms S2Z auto	Native Stan	total_load[702]	2814.15572750203	0.21042777700036816
brms S2Z auto	Native Stan	total_load[703]	2379.329982387672	0.24667680125026617
brms S2Z auto	Native Stan	total_load[704]	2523.2639021566665	0.27536809972019954
brms S2Z auto	Native Stan	total_load[705]	2006.7665906184513	0.34506568402084836
brms S2Z auto	Native Stan	total_load[706]	2508.833475114291	0.3074438586579689
brms S2Z auto	Native Stan	total_load[707]	1965.858831296954	0.36296650494331933
brms S2Z auto	Native Stan	total_load[708]	1858.8425343705499	0.3974827631320373
brms S2Z auto	Native Stan	total_load[709]	1985.9309154703326	0.42286606206063204
brms S2Z auto	Native Stan	total_load[710]	2403.591164020712	0.41813883433256105
brms S2Z auto	Native Stan	total_load[711]	2170.762267000645	0.4632635646942221
brms S2Z auto	Native Stan	total_load[712]	1811.2185775057458	0.5819266578533566
brms S2Z auto	Native Stan	total_load[713]	2431.330349079117	0.5162543978665295
brms S2Z auto	Native Stan	total_load[714]	1979.5679844133306	0.6056098076179137
brms S2Z auto	Native Stan	total_load[715]	2149.922026506496	0.5980622256667009
brms S2Z auto	Native Stan	total_load[716]	1587.5167867334694	0.984760561419808
brms S2Z auto	Native Stan	total_load[717]	1527.0551098041167	0.8678479131395012
brms S2Z auto	Native Stan	total_load[718]	2236.2158615930666	0.7777475082074172
brms S2Z auto	Native Stan	total_load[719]	2269.2665718984367	0.7835037871791837
brms S2Z auto	Native Stan	total_load[720]	2016.9407987033524	0.7871720954659454
brms S2Z auto	WHMC	population_intercept_at_mean_load	2019.060348723216	12.423625264327105
brms S2Z auto	WHMC	population_load	2016.9798693685661	0.35096038235779997
brms S2Z auto	WHMC	log_tau_intercept	4269.706680993224	0.002571125554149103
brms S2Z auto	WHMC	log_tau_load	2169.0625687675843	0.00476446191366678
brms S2Z auto	WHMC	log_sigma_intercept	2745.1011175874814	0.0002807674466717159
brms S2Z auto	WHMC	log_sigma_subj_slope	4091.620309696487	4.469777517044118e-5
brms S2Z auto	WHMC	total_intercept[701]	2221.377474559708	1.1015348497229422
brms S2Z auto	WHMC	total_intercept[702]	2276.6143339633454	0.7350195509966642
brms S2Z auto	WHMC	total_intercept[703]	2502.2475572967815	0.7207252198506693
brms S2Z auto	WHMC	total_intercept[704]	2280.839445635339	0.8601729909340088
brms S2Z auto	WHMC	total_intercept[705]	2493.73350646735	0.9488298582486782
brms S2Z auto	WHMC	total_intercept[706]	2192.2712313342395	0.9579971630086631
brms S2Z auto	WHMC	total_intercept[707]	2353.4840078103516	1.0289786299412462
brms S2Z auto	WHMC	total_intercept[708]	2269.383716493194	1.176026205570111
brms S2Z auto	WHMC	total_intercept[709]	2494.504459617456	1.1580266047562495
brms S2Z auto	WHMC	total_intercept[710]	2269.1562015411632	1.386716380470222
brms S2Z auto	WHMC	total_intercept[711]	2021.7381125913062	1.5049238154356024
brms S2Z auto	WHMC	total_intercept[712]	2211.792959932713	1.5437059063970138
brms S2Z auto	WHMC	total_intercept[713]	2082.715765320471	1.641328212805311
brms S2Z auto	WHMC	total_intercept[714]	2497.2729713568738	1.6870758718347783
brms S2Z auto	WHMC	total_intercept[715]	2378.0876751535056	1.7879444067149377
brms S2Z auto	WHMC	total_intercept[716]	2407.2004839063416	2.528967259431214
brms S2Z auto	WHMC	total_intercept[717]	2269.1730453139025	2.227811997766406
brms S2Z auto	WHMC	total_intercept[718]	2154.4892453861967	2.434743217067653
brms S2Z auto	WHMC	total_intercept[719]	2339.4010449460397	2.4652596620107317
brms S2Z auto	WHMC	total_intercept[720]	2645.5688216148933	2.4297086034977644
brms S2Z auto	WHMC	total_load[701]	2347.653452064825	0.3588034619482054
brms S2Z auto	WHMC	total_load[702]	2060.8274926188997	0.25570886371826296
brms S2Z auto	WHMC	total_load[703]	2639.347247282621	0.23219238941776063
brms S2Z auto	WHMC	total_load[704]	2246.4125869963796	0.2876921123149748
brms S2Z auto	WHMC	total_load[705]	2538.001751084779	0.3040245569641428
brms S2Z auto	WHMC	total_load[706]	2275.307483861732	0.31285617609047084
brms S2Z auto	WHMC	total_load[707]	2443.5311770708445	0.33819761378527824
brms S2Z auto	WHMC	total_load[708]	2343.2913847842938	0.3725059893182096
brms S2Z auto	WHMC	total_load[709]	2565.958236717662	0.3638634231628374
brms S2Z auto	WHMC	total_load[710]	2398.0799906004822	0.4380194591807839
brms S2Z auto	WHMC	total_load[711]	2118.971996088436	0.48812411033711617
brms S2Z auto	WHMC	total_load[712]	2317.755949158698	0.49417775720850704
brms S2Z auto	WHMC	total_load[713]	2123.5707702268473	0.5298071053492533
brms S2Z auto	WHMC	total_load[714]	2558.6804076469384	0.5365973563474925
brms S2Z auto	WHMC	total_load[715]	2367.9874593716713	0.5774134953413262
brms S2Z auto	WHMC	total_load[716]	2184.3776946843172	0.8139492209963688
brms S2Z auto	WHMC	total_load[717]	2034.7233169584924	0.7486497964156611
brms S2Z auto	WHMC	total_load[718]	2027.3239328209766	0.8243361872269277
brms S2Z auto	WHMC	total_load[719]	2545.8775767436487	0.7144792612884633
brms S2Z auto	WHMC	total_load[720]	2584.1017706956095	0.75274998913413
total coefficients CP	WHMC	population_intercept_at_mean_load	2024.1163335149822	12.308370781523358
total coefficients CP	WHMC	population_load	2044.971780921689	0.35347514329688196
total coefficients CP	WHMC	log_tau_intercept	2491.1529243351583	0.0032208151012916614
total coefficients CP	WHMC	log_tau_load	1894.5589177510224	0.005287233439665858
total coefficients CP	WHMC	log_sigma_intercept	3076.954506877631	0.00026587421744814216
total coefficients CP	WHMC	log_sigma_subj_slope	3319.6173549091636	4.737637551125306e-5
total coefficients CP	WHMC	total_intercept[701]	2708.4099151136147	0.9779482884112143
total coefficients CP	WHMC	total_intercept[702]	2513.2876363476016	0.6667808990137356
total coefficients CP	WHMC	total_intercept[703]	3052.495419512404	0.696395644371363
total coefficients CP	WHMC	total_intercept[704]	2457.7285075851382	0.8285148608068603
total coefficients CP	WHMC	total_intercept[705]	1780.6879158834208	1.08399685051982
total coefficients CP	WHMC	total_intercept[706]	2193.565310285173	1.0079744773955674
total coefficients CP	WHMC	total_intercept[707]	3091.0273388613905	0.9055369593066122
total coefficients CP	WHMC	total_intercept[708]	2876.865548425568	0.9845783306304838
total coefficients CP	WHMC	total_intercept[709]	1831.7140408431023	1.3467931912642501
total coefficients CP	WHMC	total_intercept[710]	2746.787388491792	1.2338160938907201
total coefficients CP	WHMC	total_intercept[711]	2252.210297594607	1.378795572955569
total coefficients CP	WHMC	total_intercept[712]	2164.4380066748618	1.6027545812726698
total coefficients CP	WHMC	total_intercept[713]	2554.234810869991	1.5234502230920202
total coefficients CP	WHMC	total_intercept[714]	2658.956551393126	1.5318455789858292
total coefficients CP	WHMC	total_intercept[715]	3164.7811449712262	1.6109343566649668
total coefficients CP	WHMC	total_intercept[716]	2633.0902351784325	2.470302468616065
total coefficients CP	WHMC	total_intercept[717]	2648.295297805289	2.0509963009333454
total coefficients CP	WHMC	total_intercept[718]	2519.7789728383605	2.2770080664524937
total coefficients CP	WHMC	total_intercept[719]	2081.9279433473293	2.5121925031853864
total coefficients CP	WHMC	total_intercept[720]	2288.258136847339	2.631456961430647
total coefficients CP	WHMC	total_load[701]	2421.375335885371	0.34600435048998235
total coefficients CP	WHMC	total_load[702]	2431.299297864927	0.22020643504150494
total coefficients CP	WHMC	total_load[703]	2921.4167446273486	0.23535213657528314
total coefficients CP	WHMC	total_load[704]	2232.6895583752985	0.28852588506736837
total coefficients CP	WHMC	total_load[705]	1702.2751137857306	0.36445338849775843
total coefficients CP	WHMC	total_load[706]	2177.7744358924	0.33614800815408025
total coefficients CP	WHMC	total_load[707]	3331.115613519774	0.2872421593991018
total coefficients CP	WHMC	total_load[708]	2555.8668001565306	0.3379302658128338
total coefficients CP	WHMC	total_load[709]	2192.4198010298655	0.40515015425371387
total coefficients CP	WHMC	total_load[710]	2512.7612876081475	0.4202588660634063
total coefficients CP	WHMC	total_load[711]	2272.778036701262	0.44103837777707766
total coefficients CP	WHMC	total_load[712]	1824.9241903928385	0.58703234996504
total coefficients CP	WHMC	total_load[713]	3159.089815095445	0.4348809889679383
total coefficients CP	WHMC	total_load[714]	2545.160071977967	0.500254086212512
total coefficients CP	WHMC	total_load[715]	3086.9282326826155	0.5183349271908785
total coefficients CP	WHMC	total_load[716]	2533.9132706831206	0.7557985758808465
total coefficients CP	WHMC	total_load[717]	2835.083732614262	0.6513179039443173
total coefficients CP	WHMC	total_load[718]	2204.9195336075236	0.7726976526402616
total coefficients CP	WHMC	total_load[719]	2158.331767191001	0.7669356918061714
total coefficients CP	WHMC	total_load[720]	2071.846772692215	0.8428978271285432
total coefficients NCP	WHMC	population_intercept_at_mean_load	2104.135987995591	12.104730685044606
total coefficients NCP	WHMC	population_load	2072.9419797173973	0.34321584435657065
total coefficients NCP	WHMC	log_tau_intercept	96.23366761153939	0.01504419246307368
total coefficients NCP	WHMC	log_tau_load	479.5805611042053	0.009789408362429324
total coefficients NCP	WHMC	log_sigma_intercept	2552.5210349493077	0.0003025550874056596
total coefficients NCP	WHMC	log_sigma_subj_slope	2428.477437618454	5.630648910889489e-5
total coefficients NCP	WHMC	total_intercept[701]	2823.8137377571015	1.0115505105625204
total coefficients NCP	WHMC	total_intercept[702]	3053.4069106406214	0.6249321632042298
total coefficients NCP	WHMC	total_intercept[703]	2669.1191906055415	0.6980974317179679
total coefficients NCP	WHMC	total_intercept[704]	2703.5323299931265	0.7799297573897009
total coefficients NCP	WHMC	total_intercept[705]	2088.737142506511	1.0266669956454983
total coefficients NCP	WHMC	total_intercept[706]	2431.0885917900723	0.9156124619087875
total coefficients NCP	WHMC	total_intercept[707]	2405.201408488349	1.037036460765564
total coefficients NCP	WHMC	total_intercept[708]	2722.4039896132695	1.0306776377750355
total coefficients NCP	WHMC	total_intercept[709]	2641.004926365367	1.1240324772364518
total coefficients NCP	WHMC	total_intercept[710]	2354.7435275499297	1.3517076804556272
total coefficients NCP	WHMC	total_intercept[711]	2815.633740832784	1.208814624226214
total coefficients NCP	WHMC	total_intercept[712]	2560.2600821106253	1.4550890010413313
total coefficients NCP	WHMC	total_intercept[713]	2804.3006149265675	1.4469638606454578
total coefficients NCP	WHMC	total_intercept[714]	2015.6620063629612	1.77907319361153
total coefficients NCP	WHMC	total_intercept[715]	2968.042143265256	1.6617271636915651
total coefficients NCP	WHMC	total_intercept[716]	2140.5857469752314	2.6417520263284406
total coefficients NCP	WHMC	total_intercept[717]	2186.4520306411487	2.317536125705055
total coefficients NCP	WHMC	total_intercept[718]	2114.7222870566493	2.5194543494353505
total coefficients NCP	WHMC	total_intercept[719]	2955.1138903517653	2.1598509017680447
total coefficients NCP	WHMC	total_intercept[720]	2979.5829616661804	2.270724590713319
total coefficients NCP	WHMC	total_load[701]	2723.676460925885	0.3363762438011669
total coefficients NCP	WHMC	total_load[702]	2873.9857132416137	0.205909236945383
total coefficients NCP	WHMC	total_load[703]	3233.4126647491735	0.2060756322771135
total coefficients NCP	WHMC	total_load[704]	2707.848041294003	0.25869618580721265
total coefficients NCP	WHMC	total_load[705]	2098.902396529747	0.33305450733190156
total coefficients NCP	WHMC	total_load[706]	2551.577965028023	0.294779829178548
total coefficients NCP	WHMC	total_load[707]	2491.761200075257	0.3287525112506071
total coefficients NCP	WHMC	total_load[708]	2661.121908087045	0.33948243787398097
total coefficients NCP	WHMC	total_load[709]	2762.758076358498	0.3631846215923182
total coefficients NCP	WHMC	total_load[710]	2146.0991010382286	0.4628220818497053
total coefficients NCP	WHMC	total_load[711]	2751.982831609144	0.3986529618689349
total coefficients NCP	WHMC	total_load[712]	2370.6333154582503	0.500875139937253
total coefficients NCP	WHMC	total_load[713]	3460.2773738644228	0.41218780616951445
total coefficients NCP	WHMC	total_load[714]	1791.899421390773	0.6048771870176631
total coefficients NCP	WHMC	total_load[715]	3215.84569791939	0.5030480641935596
total coefficients NCP	WHMC	total_load[716]	2012.6439191402264	0.843137774994201
total coefficients NCP	WHMC	total_load[717]	1974.491379647722	0.7731581810932805
total coefficients NCP	WHMC	total_load[718]	1576.2491106919947	0.9359638764741515
total coefficients NCP	WHMC	total_load[719]	3681.4035687232363	0.5962174076648061
total coefficients NCP	WHMC	total_load[720]	2421.9612667806814	0.7764841229043522
total coefficients ACP	WHMC	population_intercept_at_mean_load	2075.354861326134	12.256038082181256
total coefficients ACP	WHMC	population_load	2060.7707559715454	0.3470306059188802
total coefficients ACP	WHMC	log_tau_intercept	3472.9141691111113	0.0027827000104821663
total coefficients ACP	WHMC	log_tau_load	2045.9594720130858	0.0048575678152543815
total coefficients ACP	WHMC	log_sigma_intercept	4216.784571581567	0.00023374942038804195
total coefficients ACP	WHMC	log_sigma_subj_slope	4647.942856932897	3.9580120253597875e-5
total coefficients ACP	WHMC	total_intercept[701]	1945.0168492310795	1.1933562148231331
total coefficients ACP	WHMC	total_intercept[702]	1980.8187220289337	0.7669289078283033
total coefficients ACP	WHMC	total_intercept[703]	2629.953788684625	0.7203075578095409
total coefficients ACP	WHMC	total_intercept[704]	1999.072804433202	0.9190017316276485
total coefficients ACP	WHMC	total_intercept[705]	2502.097186452564	0.9229546618681526
total coefficients ACP	WHMC	total_intercept[706]	2693.126063028351	0.9044310395687596
total coefficients ACP	WHMC	total_intercept[707]	2270.454873614114	1.0777668251190091
total coefficients ACP	WHMC	total_intercept[708]	2537.869673340501	1.044281995572319
total coefficients ACP	WHMC	total_intercept[709]	2573.2237467311093	1.1998375176162104
total coefficients ACP	WHMC	total_intercept[710]	2206.752176353273	1.3622261879833666
total coefficients ACP	WHMC	total_intercept[711]	2503.6460726408664	1.3435911066978432
total coefficients ACP	WHMC	total_intercept[712]	2397.168003799775	1.509955103295651
total coefficients ACP	WHMC	total_intercept[713]	1971.3640945078243	1.7834959413379508
total coefficients ACP	WHMC	total_intercept[714]	2714.399370276172	1.5817724977462992
total coefficients ACP	WHMC	total_intercept[715]	2292.3382097530566	1.8475166961823712
total coefficients ACP	WHMC	total_intercept[716]	2503.009395684585	2.4282409302583785
total coefficients ACP	WHMC	total_intercept[717]	2441.8307143457014	2.16222119135323
total coefficients ACP	WHMC	total_intercept[718]	2433.7656329031834	2.401526800079599
total coefficients ACP	WHMC	total_intercept[719]	2830.9218454331503	2.1664649220298675
total coefficients ACP	WHMC	total_intercept[720]	2369.3486149354367	2.507318832656739
total coefficients ACP	WHMC	total_load[701]	1985.4298060778929	0.3899207698846321
total coefficients ACP	WHMC	total_load[702]	1924.9395702248705	0.2598563398622831
total coefficients ACP	WHMC	total_load[703]	2278.0845175085697	0.25344292265487084
total coefficients ACP	WHMC	total_load[704]	2068.802076138199	0.3017780265923007
total coefficients ACP	WHMC	total_load[705]	2381.1415566842034	0.3078261858842731
total coefficients ACP	WHMC	total_load[706]	2388.067624550895	0.30918092671262826
total coefficients ACP	WHMC	total_load[707]	2184.0953689770026	0.35740357967930486
total coefficients ACP	WHMC	total_load[708]	2673.716626083669	0.33162270766753643
total coefficients ACP	WHMC	total_load[709]	2508.4343764211417	0.38865677081509775
total coefficients ACP	WHMC	total_load[710]	2037.4294077184593	0.4572377288037833
total coefficients ACP	WHMC	total_load[711]	2623.5457690479507	0.42960521990958944
total coefficients ACP	WHMC	total_load[712]	2348.377473814451	0.4930211089704325
total coefficients ACP	WHMC	total_load[713]	2001.2812702843084	0.569284467735446
total coefficients ACP	WHMC	total_load[714]	2889.8575898778745	0.48307762202051613
total coefficients ACP	WHMC	total_load[715]	2342.5317437415642	0.5887220840251789
total coefficients ACP	WHMC	total_load[716]	2213.7731421534486	0.7761999850658989
total coefficients ACP	WHMC	total_load[717]	2416.3815336672565	0.6844825750310306
total coefficients ACP	WHMC	total_load[718]	2415.022728690695	0.7649917905467496
total coefficients ACP	WHMC	total_load[719]	2786.3916747288895	0.6705556532153435
total coefficients ACP	WHMC	total_load[720]	2286.2028315347443	0.7774289805471087
