cell	state	x	q025	q50	q975	generating
stress auto-effect DRIFT[1,1]	mood	-2.0	-1.5731	-0.989	-0.5501	-0.5544
stress auto-effect DRIFT[1,1]	mood	-1.875	-1.5681	-1.0051	-0.5724	-0.5759
stress auto-effect DRIFT[1,1]	mood	-1.75	-1.5634	-1.0201	-0.5973	-0.5981
stress auto-effect DRIFT[1,1]	mood	-1.625	-1.5587	-1.0336	-0.6264	-0.621
stress auto-effect DRIFT[1,1]	mood	-1.5	-1.5541	-1.0485	-0.6581	-0.6444
stress auto-effect DRIFT[1,1]	mood	-1.375	-1.5492	-1.0614	-0.6877	-0.6685
stress auto-effect DRIFT[1,1]	mood	-1.25	-1.5447	-1.0775	-0.7174	-0.6931
stress auto-effect DRIFT[1,1]	mood	-1.125	-1.5387	-1.0903	-0.748	-0.7185
stress auto-effect DRIFT[1,1]	mood	-1.0	-1.5354	-1.1023	-0.7733	-0.7444
stress auto-effect DRIFT[1,1]	mood	-0.875	-1.5369	-1.1124	-0.7975	-0.771
stress auto-effect DRIFT[1,1]	mood	-0.75	-1.5352	-1.1297	-0.8284	-0.7981
stress auto-effect DRIFT[1,1]	mood	-0.625	-1.5302	-1.1429	-0.8544	-0.8259
stress auto-effect DRIFT[1,1]	mood	-0.5	-1.5194	-1.1611	-0.8797	-0.8544
stress auto-effect DRIFT[1,1]	mood	-0.375	-1.5151	-1.1788	-0.9112	-0.8834
stress auto-effect DRIFT[1,1]	mood	-0.25	-1.5216	-1.1959	-0.939	-0.913
stress auto-effect DRIFT[1,1]	mood	-0.125	-1.5127	-1.2143	-0.969	-0.9432
stress auto-effect DRIFT[1,1]	mood	0.0	-1.5312	-1.2345	-0.9987	-0.9741
stress auto-effect DRIFT[1,1]	mood	0.125	-1.5293	-1.2488	-1.0172	-1.0055
stress auto-effect DRIFT[1,1]	mood	0.25	-1.5283	-1.2682	-1.05	-1.0375
stress auto-effect DRIFT[1,1]	mood	0.375	-1.5324	-1.2835	-1.0752	-1.0701
stress auto-effect DRIFT[1,1]	mood	0.5	-1.5457	-1.3003	-1.0955	-1.1032
stress auto-effect DRIFT[1,1]	mood	0.625	-1.5458	-1.3167	-1.1125	-1.1369
stress auto-effect DRIFT[1,1]	mood	0.75	-1.5586	-1.3324	-1.1228	-1.1711
stress auto-effect DRIFT[1,1]	mood	0.875	-1.582	-1.3486	-1.1336	-1.2059
stress auto-effect DRIFT[1,1]	mood	1.0	-1.5954	-1.3651	-1.1367	-1.2412
stress auto-effect DRIFT[1,1]	mood	1.125	-1.624	-1.3825	-1.1474	-1.277
stress auto-effect DRIFT[1,1]	mood	1.25	-1.6607	-1.4017	-1.1536	-1.3133
stress auto-effect DRIFT[1,1]	mood	1.375	-1.6883	-1.4193	-1.1661	-1.3501
stress auto-effect DRIFT[1,1]	mood	1.5	-1.7287	-1.4358	-1.1617	-1.3873
stress auto-effect DRIFT[1,1]	mood	1.625	-1.7723	-1.4545	-1.1593	-1.4251
stress auto-effect DRIFT[1,1]	mood	1.75	-1.8165	-1.472	-1.1525	-1.4633
stress auto-effect DRIFT[1,1]	mood	1.875	-1.8676	-1.4897	-1.1554	-1.5019
stress auto-effect DRIFT[1,1]	mood	2.0	-1.9154	-1.5134	-1.1553	-1.541
stress auto-effect DRIFT[1,1]	mood	2.125	-1.9525	-1.5362	-1.1495	-1.5805
stress auto-effect DRIFT[1,1]	mood	2.25	-2.0057	-1.5521	-1.1429	-1.6204
stress auto-effect DRIFT[1,1]	mood	2.375	-2.0512	-1.5727	-1.1359	-1.6607
stress auto-effect DRIFT[1,1]	mood	2.5	-2.1022	-1.5955	-1.1324	-1.7014
stress auto-effect DRIFT[1,1]	mood	2.625	-2.1499	-1.6171	-1.1267	-1.7425
stress auto-effect DRIFT[1,1]	mood	2.75	-2.1977	-1.6374	-1.1216	-1.7839
stress auto-effect DRIFT[1,1]	mood	2.875	-2.2457	-1.6571	-1.1194	-1.8257
stress auto-effect DRIFT[1,1]	mood	3.0	-2.2941	-1.6743	-1.117	-1.8678
stress diffusion sd DIFFUSION[1,1]	mood	-2.0	0.2897	0.4405	0.6245	0.4493
stress diffusion sd DIFFUSION[1,1]	mood	-1.875	0.3063	0.4589	0.6444	0.4665
stress diffusion sd DIFFUSION[1,1]	mood	-1.75	0.3238	0.478	0.6623	0.4843
stress diffusion sd DIFFUSION[1,1]	mood	-1.625	0.3433	0.4977	0.6834	0.5028
stress diffusion sd DIFFUSION[1,1]	mood	-1.5	0.3619	0.5187	0.7051	0.522
stress diffusion sd DIFFUSION[1,1]	mood	-1.375	0.3826	0.5397	0.7275	0.542
stress diffusion sd DIFFUSION[1,1]	mood	-1.25	0.4044	0.5626	0.7507	0.5627
stress diffusion sd DIFFUSION[1,1]	mood	-1.125	0.4276	0.5861	0.7746	0.5842
stress diffusion sd DIFFUSION[1,1]	mood	-1.0	0.4516	0.6097	0.7981	0.6065
stress diffusion sd DIFFUSION[1,1]	mood	-0.875	0.4758	0.6346	0.8213	0.6297
stress diffusion sd DIFFUSION[1,1]	mood	-0.75	0.5037	0.6618	0.8435	0.6538
stress diffusion sd DIFFUSION[1,1]	mood	-0.625	0.5328	0.6888	0.8688	0.6788
stress diffusion sd DIFFUSION[1,1]	mood	-0.5	0.5618	0.7187	0.891	0.7047
stress diffusion sd DIFFUSION[1,1]	mood	-0.375	0.5913	0.7471	0.917	0.7316
stress diffusion sd DIFFUSION[1,1]	mood	-0.25	0.6204	0.7775	0.9473	0.7596
stress diffusion sd DIFFUSION[1,1]	mood	-0.125	0.655	0.808	0.9804	0.7886
stress diffusion sd DIFFUSION[1,1]	mood	0.0	0.6926	0.8419	1.0122	0.8187
stress diffusion sd DIFFUSION[1,1]	mood	0.125	0.7291	0.8771	1.0452	0.85
stress diffusion sd DIFFUSION[1,1]	mood	0.25	0.7655	0.9151	1.0797	0.8825
stress diffusion sd DIFFUSION[1,1]	mood	0.375	0.8075	0.9538	1.1151	0.9162
stress diffusion sd DIFFUSION[1,1]	mood	0.5	0.8506	0.9934	1.1558	0.9512
stress diffusion sd DIFFUSION[1,1]	mood	0.625	0.8948	1.0345	1.1991	0.9876
stress diffusion sd DIFFUSION[1,1]	mood	0.75	0.9406	1.0783	1.2404	1.0253
stress diffusion sd DIFFUSION[1,1]	mood	0.875	0.9877	1.1242	1.2843	1.0645
stress diffusion sd DIFFUSION[1,1]	mood	1.0	1.033	1.1715	1.3312	1.1052
stress diffusion sd DIFFUSION[1,1]	mood	1.125	1.0736	1.2206	1.3834	1.1474
stress diffusion sd DIFFUSION[1,1]	mood	1.25	1.1184	1.2714	1.437	1.1912
stress diffusion sd DIFFUSION[1,1]	mood	1.375	1.1601	1.3236	1.496	1.2368
stress diffusion sd DIFFUSION[1,1]	mood	1.5	1.2146	1.378	1.5606	1.284
stress diffusion sd DIFFUSION[1,1]	mood	1.625	1.2631	1.44	1.6404	1.3331
stress diffusion sd DIFFUSION[1,1]	mood	1.75	1.3042	1.505	1.7105	1.384
stress diffusion sd DIFFUSION[1,1]	mood	1.875	1.352	1.567	1.791	1.4369
stress diffusion sd DIFFUSION[1,1]	mood	2.0	1.3981	1.6324	1.8796	1.4918
stress diffusion sd DIFFUSION[1,1]	mood	2.125	1.4458	1.6998	1.9817	1.5488
stress diffusion sd DIFFUSION[1,1]	mood	2.25	1.4967	1.7708	2.088	1.608
stress diffusion sd DIFFUSION[1,1]	mood	2.375	1.54	1.8433	2.2	1.6695
stress diffusion sd DIFFUSION[1,1]	mood	2.5	1.5933	1.9225	2.3084	1.7333
stress diffusion sd DIFFUSION[1,1]	mood	2.625	1.6491	2.0074	2.4217	1.7995
stress diffusion sd DIFFUSION[1,1]	mood	2.75	1.7016	2.0931	2.5562	1.8682
stress diffusion sd DIFFUSION[1,1]	mood	2.875	1.7524	2.1809	2.6916	1.9396
stress diffusion sd DIFFUSION[1,1]	mood	3.0	1.8047	2.2683	2.857	2.0138
shock correlation DIFFUSION[2,1]	stress	-2.5	-0.9451	-0.8301	-0.5848	-0.9414
shock correlation DIFFUSION[2,1]	stress	-2.375	-0.9347	-0.8107	-0.5623	-0.9306
shock correlation DIFFUSION[2,1]	stress	-2.25	-0.9224	-0.7893	-0.539	-0.9178
shock correlation DIFFUSION[2,1]	stress	-2.125	-0.908	-0.7659	-0.5148	-0.9029
shock correlation DIFFUSION[2,1]	stress	-2.0	-0.891	-0.7402	-0.4898	-0.8854
shock correlation DIFFUSION[2,1]	stress	-1.875	-0.8711	-0.7121	-0.4639	-0.8649
shock correlation DIFFUSION[2,1]	stress	-1.75	-0.8479	-0.6815	-0.4372	-0.8411
shock correlation DIFFUSION[2,1]	stress	-1.625	-0.8208	-0.6484	-0.4097	-0.8136
shock correlation DIFFUSION[2,1]	stress	-1.5	-0.7895	-0.6126	-0.3815	-0.7818
shock correlation DIFFUSION[2,1]	stress	-1.375	-0.7535	-0.5741	-0.3525	-0.7454
shock correlation DIFFUSION[2,1]	stress	-1.25	-0.7123	-0.533	-0.3229	-0.7039
shock correlation DIFFUSION[2,1]	stress	-1.125	-0.6655	-0.4891	-0.2926	-0.657
shock correlation DIFFUSION[2,1]	stress	-1.0	-0.6128	-0.4426	-0.2616	-0.6044
shock correlation DIFFUSION[2,1]	stress	-0.875	-0.5541	-0.3935	-0.2302	-0.5459
shock correlation DIFFUSION[2,1]	stress	-0.75	-0.4892	-0.3422	-0.1982	-0.4815
shock correlation DIFFUSION[2,1]	stress	-0.625	-0.4185	-0.2887	-0.1659	-0.4116
shock correlation DIFFUSION[2,1]	stress	-0.5	-0.3423	-0.2333	-0.1331	-0.3364
shock correlation DIFFUSION[2,1]	stress	-0.375	-0.2613	-0.1764	-0.1001	-0.2566
shock correlation DIFFUSION[2,1]	stress	-0.25	-0.1765	-0.1183	-0.0669	-0.1732
shock correlation DIFFUSION[2,1]	stress	-0.125	-0.0889	-0.0594	-0.0335	-0.0873
shock correlation DIFFUSION[2,1]	stress	0.0	0.0	0.0	0.0	0.0
shock correlation DIFFUSION[2,1]	stress	0.125	0.0335	0.0594	0.0889	0.0873
shock correlation DIFFUSION[2,1]	stress	0.25	0.0669	0.1183	0.1765	0.1732
shock correlation DIFFUSION[2,1]	stress	0.375	0.1001	0.1764	0.2613	0.2566
shock correlation DIFFUSION[2,1]	stress	0.5	0.1331	0.2333	0.3423	0.3364
shock correlation DIFFUSION[2,1]	stress	0.625	0.1659	0.2887	0.4185	0.4116
shock correlation DIFFUSION[2,1]	stress	0.75	0.1982	0.3422	0.4892	0.4815
shock correlation DIFFUSION[2,1]	stress	0.875	0.2302	0.3935	0.5541	0.5459
shock correlation DIFFUSION[2,1]	stress	1.0	0.2616	0.4426	0.6128	0.6044
shock correlation DIFFUSION[2,1]	stress	1.125	0.2926	0.4891	0.6655	0.657
shock correlation DIFFUSION[2,1]	stress	1.25	0.3229	0.533	0.7123	0.7039
shock correlation DIFFUSION[2,1]	stress	1.375	0.3525	0.5741	0.7535	0.7454
shock correlation DIFFUSION[2,1]	stress	1.5	0.3815	0.6126	0.7895	0.7818
shock correlation DIFFUSION[2,1]	stress	1.625	0.4097	0.6484	0.8208	0.8136
shock correlation DIFFUSION[2,1]	stress	1.75	0.4372	0.6815	0.8479	0.8411
shock correlation DIFFUSION[2,1]	stress	1.875	0.4639	0.7121	0.8711	0.8649
shock correlation DIFFUSION[2,1]	stress	2.0	0.4898	0.7402	0.891	0.8854
shock correlation DIFFUSION[2,1]	stress	2.125	0.5148	0.7659	0.908	0.9029
shock correlation DIFFUSION[2,1]	stress	2.25	0.539	0.7893	0.9224	0.9178
shock correlation DIFFUSION[2,1]	stress	2.375	0.5623	0.8107	0.9347	0.9306
shock correlation DIFFUSION[2,1]	stress	2.5	0.5848	0.8301	0.9451	0.9414
