model	sampler	parameter	difference	combined_mcse	difference_in_combined_mcse
brms NCP	Native Stan	log_tau_intercept	-0.008867244926551443	0.00905404959064857	-0.9793678328987653
brms NCP	Native Stan	log_tau_load	-0.00022966480883290785	0.011028865309782383	-0.020823974396459423
brms NCP	Native Stan	log_sigma_intercept	0.0002949125454057011	0.00037963054213357945	0.7768409352636625
brms NCP	Native Stan	log_sigma_subj_slope	5.041597066283987e-5	6.019071711855715e-5	0.8376037548038505
brms NCP	Native Stan	total_intercept[701]	-0.281989904925922	1.5621880671063166	-0.1805095755521034
brms NCP	Native Stan	total_intercept[702]	0.1377977001573072	1.0222188662883356	0.13480254053385748
brms NCP	Native Stan	total_intercept[703]	0.5663124160514599	0.97221965035293	0.5824943116978557
brms NCP	Native Stan	total_intercept[704]	0.5650909283422152	1.2114498833479366	0.46645836209133323
brms NCP	Native Stan	total_intercept[705]	0.5859395046682039	1.2422741429190907	0.4716668281377616
brms NCP	Native Stan	total_intercept[706]	-0.04050448681391572	1.2941755606996448	-0.031297521019496434
brms NCP	Native Stan	total_intercept[707]	2.0424599775578827	1.4682046106557305	1.391127614458095
brms NCP	Native Stan	total_intercept[708]	0.6420026249343209	1.5034633105272766	0.4270158243563426
brms NCP	Native Stan	total_intercept[709]	-2.5638984516845085	1.6420269202725224	-1.561422909716356
brms NCP	Native Stan	total_intercept[710]	1.3748512727715934	1.8186402178750387	0.7559776030786433
brms NCP	Native Stan	total_intercept[711]	-1.7262424375712726	1.869322556739222	-0.9234588387904904
brms NCP	Native Stan	total_intercept[712]	-1.124481066606677	2.08540800820986	-0.539213939037256
brms NCP	Native Stan	total_intercept[713]	-2.430044740145604	2.471480450555059	-0.9832344575494621
brms NCP	Native Stan	total_intercept[714]	0.8622136458343448	2.3300621825827315	0.3700388995106704
brms NCP	Native Stan	total_intercept[715]	0.4138096884580591	2.6626193740228823	0.15541451117470267
brms NCP	Native Stan	total_intercept[716]	-4.689204879349745	3.7273408790107267	-1.2580563548012025
brms NCP	Native Stan	total_intercept[717]	-2.9636610044653935	3.1243925212772816	-0.948555914240193
brms NCP	Native Stan	total_intercept[718]	-5.935852290815092	3.7695258574412684	-1.5746946738931014
brms NCP	Native Stan	total_intercept[719]	1.1809591292712867	3.192790973129074	0.36988300806735724
brms NCP	Native Stan	total_intercept[720]	-1.5079325585229526	3.849897463412945	-0.3916812260205409
brms NCP	Native Stan	total_load[701]	0.8770488123322906	0.49630239122357966	1.7671662031891928
brms NCP	Native Stan	total_load[702]	0.27418988760433294	0.32733765359381295	0.8376362590555193
brms NCP	Native Stan	total_load[703]	-0.06004631382388581	0.3253935575779758	-0.18453442738950537
brms NCP	Native Stan	total_load[704]	-0.009530468974432438	0.37881886593926384	-0.02515837998406463
brms NCP	Native Stan	total_load[705]	-0.12810943820512222	0.3953050370250325	-0.32407742428288294
brms NCP	Native Stan	total_load[706]	0.340131808922834	0.4017067411590054	0.8467167066738407
brms NCP	Native Stan	total_load[707]	-0.5262792843751072	0.47388775428443486	-1.1105568346449106
brms NCP	Native Stan	total_load[708]	-0.8746125600526682	0.45841933321145684	-1.9078875969858633
brms NCP	Native Stan	total_load[709]	-0.12916316459073407	0.5170016024211194	-0.24983126548517984
brms NCP	Native Stan	total_load[710]	-0.08978426729342814	0.5902151335779683	-0.15212125576845703
brms NCP	Native Stan	total_load[711]	0.4912572538281381	0.5787275647575602	0.8488575346051385
brms NCP	Native Stan	total_load[712]	0.41872890178692046	0.6658955311557228	0.628820711651538
brms NCP	Native Stan	total_load[713]	1.5837726824762797	0.7401779210568654	2.1397188938233724
brms NCP	Native Stan	total_load[714]	-0.31253815101477045	0.7288598040985387	-0.4288042079660585
brms NCP	Native Stan	total_load[715]	0.6267700422604179	0.8260598878200448	0.7587464922361152
brms NCP	Native Stan	total_load[716]	1.665697644903748	1.1247180443280715	1.4809913056021682
brms NCP	Native Stan	total_load[717]	0.4553957032356948	0.9840435080432361	0.46278004937123773
brms NCP	Native Stan	total_load[718]	1.268960144567103	1.2091825393042577	1.0494363781478686
brms NCP	Native Stan	total_load[719]	0.5286389204773556	0.9947514338670741	0.5314281563005981
brms NCP	Native Stan	total_load[720]	0.9583950934757581	1.1194870211549603	0.8561020140162002
brms NCP	WHMC	log_tau_intercept	0.013315998242721783	0.016932779156785652	0.7864035855794836
brms NCP	WHMC	log_tau_load	-0.020024791737558445	0.011520090773467976	-1.7382494748806774
brms NCP	WHMC	log_sigma_intercept	-0.000430581536492447	0.00035025988530697623	-1.2293201549902724
brms NCP	WHMC	log_sigma_subj_slope	8.72012117310722e-5	5.630947980384744e-5	1.5486062388577426
brms NCP	WHMC	total_intercept[701]	0.007888238713235296	1.6014469752005487	0.004925694597067414
brms NCP	WHMC	total_intercept[702]	0.9798982083714236	1.0253017932511805	0.9557168580230564
brms NCP	WHMC	total_intercept[703]	1.1295013842145636	1.0297993602330833	1.0968169410776425
brms NCP	WHMC	total_intercept[704]	-0.18932595791466156	1.2054330817636518	-0.1570605293473956
brms NCP	WHMC	total_intercept[705]	0.3537296753574992	1.3380830740240683	0.26435554131457206
brms NCP	WHMC	total_intercept[706]	0.4579725123521712	1.286803821539841	0.35589924795540545
brms NCP	WHMC	total_intercept[707]	0.7414303255527557	1.529034605106849	0.4849009453915822
brms NCP	WHMC	total_intercept[708]	-0.7740800909195968	1.474240851940014	-0.5250703030654408
brms NCP	WHMC	total_intercept[709]	0.26629516087086813	1.6814217826971214	0.15837499169524946
brms NCP	WHMC	total_intercept[710]	-0.21593930720609933	1.8651414220130063	-0.11577637205281772
brms NCP	WHMC	total_intercept[711]	1.4174468475339381	1.9866061168317517	0.7135017029920802
brms NCP	WHMC	total_intercept[712]	-0.13684923535583948	2.152900733577267	-0.06356504655393486
brms NCP	WHMC	total_intercept[713]	-3.9348678120350087	2.4422808541377194	-1.6111446827945868
brms NCP	WHMC	total_intercept[714]	2.0672263800388464	2.4036478413970923	0.8600371254207085
brms NCP	WHMC	total_intercept[715]	-3.0944641426440285	2.595792770272577	-1.1921075434381023
brms NCP	WHMC	total_intercept[716]	-3.049328039768625	3.5657152104768106	-0.8551799175685896
brms NCP	WHMC	total_intercept[717]	-1.2370350552519085	3.083563529955162	-0.40117060771888696
brms NCP	WHMC	total_intercept[718]	-0.10378056297577132	3.661937632463783	-0.02834034147816626
brms NCP	WHMC	total_intercept[719]	-0.832662082504612	3.357857079572244	-0.24797424749557373
brms NCP	WHMC	total_intercept[720]	5.416210356275769	3.4684842398586073	1.5615496515839902
brms NCP	WHMC	total_load[701]	-0.13035955931317034	0.5044629497478985	-0.25841255413963804
brms NCP	WHMC	total_load[702]	-0.09881430309312123	0.3322582867694325	-0.2974020725078032
brms NCP	WHMC	total_load[703]	-0.04583468275551539	0.3455257848499769	-0.13265198941785558
brms NCP	WHMC	total_load[704]	0.10445073645520608	0.38429351344195006	0.2717993741806522
brms NCP	WHMC	total_load[705]	-0.19100480799453834	0.43577159049343395	-0.43831404378210914
brms NCP	WHMC	total_load[706]	0.14557146042226066	0.4157212805810474	0.3501660059807321
brms NCP	WHMC	total_load[707]	0.12027814814132398	0.4873227534391046	0.2468141437938293
brms NCP	WHMC	total_load[708]	0.0691779365357661	0.4773104872824055	0.1449327814472182
brms NCP	WHMC	total_load[709]	-0.6725475208604106	0.5408828103012017	-1.2434255776882404
brms NCP	WHMC	total_load[710]	0.31962128831170666	0.597256191349435	0.5351493930762901
brms NCP	WHMC	total_load[711]	-0.3942945492893699	0.6308187660768338	-0.6250520284004119
brms NCP	WHMC	total_load[712]	-0.6117307256076003	0.6786126382899487	-0.9014431666777006
brms NCP	WHMC	total_load[713]	2.0517765666403065	0.7704512005566576	2.6630843915330136
brms NCP	WHMC	total_load[714]	-0.34788705908939477	0.7306938881620048	-0.47610506222307897
brms NCP	WHMC	total_load[715]	0.9755395903397641	0.819153995404513	1.1909111056194326
brms NCP	WHMC	total_load[716]	1.355943024633838	1.081818424850409	1.2533924302697417
brms NCP	WHMC	total_load[717]	-0.8643052306290997	1.022173570115898	-0.8455562302702675
brms NCP	WHMC	total_load[718]	-0.23121953406896978	1.205036917609439	-0.19187755220617203
brms NCP	WHMC	total_load[719]	0.2246515445923407	1.0654049130128025	0.21086024838862477
brms NCP	WHMC	total_load[720]	-1.7524252330079264	1.0905988708676144	-1.6068467333124992
brms CP	WHMC	log_tau_intercept	-0.0026130340513166317	0.006085439954295399	-0.4293911485351565
brms CP	WHMC	log_tau_load	-0.0018037792335023894	0.00782095243224424	-0.23063421611743407
brms CP	WHMC	log_sigma_intercept	4.7690611421735696e-5	0.00031147209406252126	0.15311359293768012
brms CP	WHMC	log_sigma_subj_slope	-5.731939060615865e-7	5.729639578896551e-5	-0.010004013309541815
brms CP	WHMC	total_intercept[701]	-0.41251975531145035	1.6024299054220226	-0.25743388457469374
brms CP	WHMC	total_intercept[702]	0.28270813615631596	1.0702254156090818	0.2641575616062364
brms CP	WHMC	total_intercept[703]	0.3661288097905526	1.092827005282491	0.33502906500366897
brms CP	WHMC	total_intercept[704]	-1.8406252517270332	1.25400225797126	-1.4678005880984768
brms CP	WHMC	total_intercept[705]	1.0905705812629094	1.3158067080102158	0.8288227857662224
brms CP	WHMC	total_intercept[706]	-0.8970103402389213	1.2672971776412905	-0.7078137283541089
brms CP	WHMC	total_intercept[707]	0.1746600734131789	1.5149356379168872	0.1152920751493742
brms CP	WHMC	total_intercept[708]	-1.0526900877957814	1.5395322812110082	-0.6837726630634384
brms CP	WHMC	total_intercept[709]	-1.682214551296056	1.7032480843616218	-0.9876509280951582
brms CP	WHMC	total_intercept[710]	1.5663049725271776	1.8553694693717349	0.8442011137854714
brms CP	WHMC	total_intercept[711]	0.7276131809421713	1.851701552437534	0.39294300962504425
brms CP	WHMC	total_intercept[712]	0.8961559868530458	2.2844490950465213	0.39228538241286404
brms CP	WHMC	total_intercept[713]	-0.046428086405285285	2.3691663398948486	-0.01959680315538584
brms CP	WHMC	total_intercept[714]	0.8660842187027811	2.502222177176116	0.3461260261389741
brms CP	WHMC	total_intercept[715]	-2.352740921921395	2.7215391734988286	-0.8644890894209308
brms CP	WHMC	total_intercept[716]	2.1887656376948144	3.61188474540985	0.6059898894826029
brms CP	WHMC	total_intercept[717]	-2.165320230069483	3.157218006504448	-0.6858317118452151
brms CP	WHMC	total_intercept[718]	-0.6959062622499914	3.5162740541613022	-0.1979101320121586
brms CP	WHMC	total_intercept[719]	-2.6547508319818007	3.1893126078216585	-0.8323896583455422
brms CP	WHMC	total_intercept[720]	-2.62845900017237	3.5770321263057654	-0.7348155977807644
brms CP	WHMC	total_load[701]	0.44919619330769933	0.5155974015442689	0.871215006053772
brms CP	WHMC	total_load[702]	-0.10427876901008304	0.34386755628671734	-0.30325271199221604
brms CP	WHMC	total_load[703]	-0.08232727005551865	0.36413579646030503	-0.22608947226778148
brms CP	WHMC	total_load[704]	0.4862136320644339	0.4039897380607637	1.2035296599323595
brms CP	WHMC	total_load[705]	-0.1816914819208293	0.4179619117342525	-0.43470822775916457
brms CP	WHMC	total_load[706]	0.4023881210769602	0.4140967450995593	0.9717249068939577
brms CP	WHMC	total_load[707]	-0.2729583238628095	0.48085807453803464	-0.5676484150235875
brms CP	WHMC	total_load[708]	0.11704594221166076	0.4873363944713823	0.24017484337204373
brms CP	WHMC	total_load[709]	-0.20918690192368317	0.5421644199544896	-0.3858366470105927
brms CP	WHMC	total_load[710]	0.0309923545090669	0.6067085713445369	0.05108277016819497
brms CP	WHMC	total_load[711]	-0.4549494713448894	0.5858901979715666	-0.7765097844612997
brms CP	WHMC	total_load[712]	-0.47604405404283057	0.7504452549352609	-0.6343488094729811
brms CP	WHMC	total_load[713]	0.3788554655556311	0.7322221724496315	0.5174050715893775
brms CP	WHMC	total_load[714]	0.035602635322668164	0.754645807836964	0.04717794090013665
brms CP	WHMC	total_load[715]	1.6369304642941387	0.830385559699286	1.9712896559604591
brms CP	WHMC	total_load[716]	-0.22558652164313386	1.1756324698814864	-0.1918852425587351
brms CP	WHMC	total_load[717]	0.4129130580307674	1.0633513814478381	0.3883128994185846
brms CP	WHMC	total_load[718]	0.3477747649361618	1.103924801676524	0.3150348324523539
brms CP	WHMC	total_load[719]	0.5500236190701884	0.9805369235594621	0.5609412617258096
brms CP	WHMC	total_load[720]	0.9418499377921137	1.057490296493558	0.8906464115227475
brms S2Z CP	Native Stan	log_tau_intercept	-0.0059335611621316176	0.003985561731061291	-1.488764084592815
brms S2Z CP	Native Stan	log_tau_load	0.0008672157758953247	0.007060770765394109	0.12282168685402996
brms S2Z CP	Native Stan	log_sigma_intercept	-0.00018855739117462633	0.00036321164824005804	-0.5191391633178096
brms S2Z CP	Native Stan	log_sigma_subj_slope	2.4653859148876522e-5	7.13623599338118e-5	0.345474269233008
brms S2Z CP	Native Stan	total_intercept[701]	0.1417951061655458	1.5619082200958923	0.09078325111627902
brms S2Z CP	Native Stan	total_intercept[702]	0.04752184581866459	1.0165749232926349	0.046747017587984295
brms S2Z CP	Native Stan	total_intercept[703]	-0.6904748898857633	0.9776183113481426	-0.7062826891341607
brms S2Z CP	Native Stan	total_intercept[704]	-0.10556945879216073	1.2091034673587218	-0.08731217934787375
brms S2Z CP	Native Stan	total_intercept[705]	0.8840069633470193	1.2759650826472102	0.6928143844759403
brms S2Z CP	Native Stan	total_intercept[706]	0.22567938949214295	1.2718590332808672	0.17744056816578485
brms S2Z CP	Native Stan	total_intercept[707]	-0.21527132416304084	1.3393798108974744	-0.16072462972156837
brms S2Z CP	Native Stan	total_intercept[708]	0.7175241483200807	1.4422972875593323	0.4974869983526636
brms S2Z CP	Native Stan	total_intercept[709]	-0.7559461298569659	1.5961366294345927	-0.47360991278343656
brms S2Z CP	Native Stan	total_intercept[710]	0.010375884268796653	1.764994277814867	0.005878707029941428
brms S2Z CP	Native Stan	total_intercept[711]	1.6474593080702107	1.7787202514642257	0.9262048412132474
brms S2Z CP	Native Stan	total_intercept[712]	-1.3086870574452405	2.032424825059658	-0.6439042867953684
brms S2Z CP	Native Stan	total_intercept[713]	-1.7232185705597658	2.3009332620346683	-0.7489215784711456
brms S2Z CP	Native Stan	total_intercept[714]	1.353913651106268	2.164848638473839	0.6254079971432743
brms S2Z CP	Native Stan	total_intercept[715]	-0.6544289127004959	2.4382015345410695	-0.26840640670160015
brms S2Z CP	Native Stan	total_intercept[716]	-2.83340387599128	3.33040786547993	-0.8507678309794561
brms S2Z CP	Native Stan	total_intercept[717]	1.621178134641923	3.1899799085679086	0.5082095126328634
brms S2Z CP	Native Stan	total_intercept[718]	-3.954890446524587	3.256822529457599	-1.2143401768911388
brms S2Z CP	Native Stan	total_intercept[719]	-1.800991026644624	2.961980120054494	-0.6080361628529397
brms S2Z CP	Native Stan	total_intercept[720]	-2.8274685477845196	3.2968431488445415	-0.8576290773115713
brms S2Z CP	Native Stan	total_load[701]	0.4571890204671831	0.5273475452515228	0.8669596067790986
brms S2Z CP	Native Stan	total_load[702]	0.3408183418584585	0.34056189700250616	1.0007530051312536
brms S2Z CP	Native Stan	total_load[703]	0.20168081354989909	0.3329673608554086	0.6057074574269733
brms S2Z CP	Native Stan	total_load[704]	-0.039943700888940725	0.3970305018100134	-0.10060612649870045
brms S2Z CP	Native Stan	total_load[705]	-0.005149495823324912	0.4141542811336227	-0.012433762145907842
brms S2Z CP	Native Stan	total_load[706]	0.39632107234802305	0.4151963084563649	0.954539007876739
brms S2Z CP	Native Stan	total_load[707]	0.14073211729843393	0.44855412944583933	0.3137461190521191
brms S2Z CP	Native Stan	total_load[708]	-0.46041118419553584	0.4622978882959907	-0.9959188563300404
brms S2Z CP	Native Stan	total_load[709]	-0.25509983417483717	0.515018237405233	-0.49532194327735307
brms S2Z CP	Native Stan	total_load[710]	0.7675485693321864	0.5864490942954335	1.3088068117051623
brms S2Z CP	Native Stan	total_load[711]	-0.6338055649574983	0.5779589250209058	-1.0966273510432811
brms S2Z CP	Native Stan	total_load[712]	-0.002945285914051965	0.6578875495040026	-0.004476883498209515
brms S2Z CP	Native Stan	total_load[713]	1.2507234305779207	0.7439433962951397	1.6812077865151578
brms S2Z CP	Native Stan	total_load[714]	-0.507191015743949	0.6941719376508549	-0.7306417736509668
brms S2Z CP	Native Stan	total_load[715]	1.663533001041408	0.7806305881260118	2.1310118080754417
brms S2Z CP	Native Stan	total_load[716]	2.2926273710701857	1.0319452314572313	2.2216560542003947
brms S2Z CP	Native Stan	total_load[717]	-1.0645401683686373	0.9996455238888565	-1.0649176562381086
brms S2Z CP	Native Stan	total_load[718]	1.4952280980652972	1.0840410013673811	1.3793095428856061
brms S2Z CP	Native Stan	total_load[719]	0.796352263205307	0.9323485751100516	0.8541357647393927
brms S2Z CP	Native Stan	total_load[720]	1.2812121100555203	1.0660645135011801	1.2018147999765514
brms S2Z CP	WHMC	log_tau_intercept	-0.0033751123849299347	0.004528415580833389	-0.7453186053009725
brms S2Z CP	WHMC	log_tau_load	-0.0017538461763040303	0.0067919375579341655	-0.25822472031640403
brms S2Z CP	WHMC	log_sigma_intercept	0.0004346026100039424	0.0003978453157701031	1.0923909187234961
brms S2Z CP	WHMC	log_sigma_subj_slope	3.6596987977186024e-5	6.967373499735938e-5	0.5252623241537581
brms S2Z CP	WHMC	total_intercept[701]	-0.4615866525788306	1.6464122665159748	-0.2803590947215236
brms S2Z CP	WHMC	total_intercept[702]	0.8620436602109294	1.0068581461315842	0.856171908151072
brms S2Z CP	WHMC	total_intercept[703]	1.387967887077366	1.0444377911527851	1.3289138892086754
brms S2Z CP	WHMC	total_intercept[704]	0.036665098748017044	1.156263520985025	0.03170998486295055
brms S2Z CP	WHMC	total_intercept[705]	2.3016458126558064	1.292455715552548	1.78083147063326
brms S2Z CP	WHMC	total_intercept[706]	0.40253181123625836	1.2340937622464687	0.32617603584958904
brms S2Z CP	WHMC	total_intercept[707]	0.96982695452607	1.3693926421562965	0.7082168580948007
brms S2Z CP	WHMC	total_intercept[708]	-0.36218804062718846	1.4162438564548168	-0.25573847256349497
brms S2Z CP	WHMC	total_intercept[709]	-0.9788919035272556	1.5017317869127969	-0.6518420346815887
brms S2Z CP	WHMC	total_intercept[710]	-0.22231928977998905	1.665910264701852	-0.13345213994451108
brms S2Z CP	WHMC	total_intercept[711]	0.9153557267904944	1.7380626580031053	0.5266528928491938
brms S2Z CP	WHMC	total_intercept[712]	-1.1116763981490294	1.9370789364571968	-0.5738931838173926
brms S2Z CP	WHMC	total_intercept[713]	-2.489777841585237	2.144602706519383	-1.1609506199057549
brms S2Z CP	WHMC	total_intercept[714]	1.262708878884041	2.1822985113327302	0.5786141869807282
brms S2Z CP	WHMC	total_intercept[715]	0.07516679224863765	2.3525832808841596	0.031950746593926355
brms S2Z CP	WHMC	total_intercept[716]	-6.418453151747599	3.410643408825061	-1.881889245630256
brms S2Z CP	WHMC	total_intercept[717]	-0.14790241423452244	2.8010864083026843	-0.0528018035416993
brms S2Z CP	WHMC	total_intercept[718]	-1.9544885939021697	3.158267346000202	-0.6188483683553383
brms S2Z CP	WHMC	total_intercept[719]	0.08763229991018306	2.92497925395544	0.02995997314910121
brms S2Z CP	WHMC	total_intercept[720]	3.2153414728290954	3.196130197698505	1.0060107924090278
brms S2Z CP	WHMC	total_load[701]	0.43347052559606425	0.5332267168312914	0.8129197429790653
brms S2Z CP	WHMC	total_load[702]	-0.1570735425709664	0.33483756705023787	-0.4691037028930497
brms S2Z CP	WHMC	total_load[703]	-0.4318615464323301	0.3457574305887033	-1.2490304133074501
brms S2Z CP	WHMC	total_load[704]	0.10457195788126228	0.3840798541200739	0.272266188292631
brms S2Z CP	WHMC	total_load[705]	-0.5101891193049966	0.4325434080087683	-1.17950963963056
brms S2Z CP	WHMC	total_load[706]	0.3168342694844526	0.40815955604163323	0.7762510145717003
brms S2Z CP	WHMC	total_load[707]	-0.4605438563300126	0.4560514318796491	-1.0098506969528582
brms S2Z CP	WHMC	total_load[708]	0.2358579323835599	0.47644881281469603	0.4950330991280935
brms S2Z CP	WHMC	total_load[709]	-0.3566581705347538	0.48739262582313286	-0.7317676789475667
brms S2Z CP	WHMC	total_load[710]	0.6266660276383984	0.5655425470765707	1.1080793671100257
brms S2Z CP	WHMC	total_load[711]	-0.1986013929364674	0.5730292398826029	-0.34658160371913144
brms S2Z CP	WHMC	total_load[712]	-0.05274134620322002	0.6386267857353006	-0.08258555291021001
brms S2Z CP	WHMC	total_load[713]	1.3721096684068002	0.6874286498314534	1.996003030631935
brms S2Z CP	WHMC	total_load[714]	0.5271922098029549	0.698192392299847	0.7550815729549599
brms S2Z CP	WHMC	total_load[715]	0.6110752912047559	0.7407216217297466	0.8249729362263811
brms S2Z CP	WHMC	total_load[716]	2.4723195875564556	1.0526924904190529	2.3485677061990646
brms S2Z CP	WHMC	total_load[717]	0.5978304104179699	0.8777082028381273	0.6811266073221668
brms S2Z CP	WHMC	total_load[718]	0.24839381584942544	1.008650447318181	0.24626352618973169
brms S2Z CP	WHMC	total_load[719]	0.17779765210574894	0.898367645688827	0.1979119049522558
brms S2Z CP	WHMC	total_load[720]	0.12280453110611234	1.0295531540098923	0.11927944723185452
brms S2Z NCP	Native Stan	log_tau_intercept	0.0088918400689737	0.013342421206302824	0.6664337702645218
brms S2Z NCP	Native Stan	log_tau_load	-0.01140466105621929	0.010789301912935161	-1.057034194450188
brms S2Z NCP	Native Stan	log_sigma_intercept	-0.00010028734656675198	0.0003400640984992434	-0.29490718664315313
brms S2Z NCP	Native Stan	log_sigma_subj_slope	0.0001165516313750975	6.303463148644492e-5	1.8490094829881092
brms S2Z NCP	Native Stan	total_intercept[701]	-0.13775103458578997	1.5633950515017903	-0.08811018971402458
brms S2Z NCP	Native Stan	total_intercept[702]	0.672463432458926	0.9883584045214461	0.6803841899685434
brms S2Z NCP	Native Stan	total_intercept[703]	1.594576648813927	1.0119386559601733	1.5757641428382043
brms S2Z NCP	Native Stan	total_intercept[704]	-0.15791396929671464	1.257480213716756	-0.1255796851307629
brms S2Z NCP	Native Stan	total_intercept[705]	2.4724092646565623	1.2434132874031132	1.988405053817806
brms S2Z NCP	Native Stan	total_intercept[706]	-0.6201583770307479	1.2666489674214183	-0.4896055600102338
brms S2Z NCP	Native Stan	total_intercept[707]	-1.7433511930357781	1.4450060315295357	-1.2064663779918239
brms S2Z NCP	Native Stan	total_intercept[708]	-0.09023858597538492	1.5082927327409816	-0.059828297263885014
brms S2Z NCP	Native Stan	total_intercept[709]	0.009430586625057913	1.6519678182360193	0.005708698753664552
brms S2Z NCP	Native Stan	total_intercept[710]	-2.068971843050349	1.7962939868211079	-1.1518002388416373
brms S2Z NCP	Native Stan	total_intercept[711]	2.2146506550379854	2.0080879448901325	1.1028653703506768
brms S2Z NCP	Native Stan	total_intercept[712]	-1.1006113293442468	2.1004529228229147	-0.5239876206628209
brms S2Z NCP	Native Stan	total_intercept[713]	-2.465373993936737	2.3686762823616245	-1.0408235233725998
brms S2Z NCP	Native Stan	total_intercept[714]	-2.080068012731317	2.3026931097332772	-0.9033196842163015
brms S2Z NCP	Native Stan	total_intercept[715]	0.7947591952115545	2.4860093422748437	0.31969276289376425
brms S2Z NCP	Native Stan	total_intercept[716]	-11.916463928529993	3.374958586584687	-3.5308474527353955
brms S2Z NCP	Native Stan	total_intercept[717]	0.08470130021214572	2.9678355650881376	0.02853975510251367
brms S2Z NCP	Native Stan	total_intercept[718]	-1.176550566955484	3.3228242030199113	-0.3540814966636482
brms S2Z NCP	Native Stan	total_intercept[719]	-5.1085138191610895	3.0654435219101157	-1.6664844035286324
brms S2Z NCP	Native Stan	total_intercept[720]	0.17890998073198716	3.5454805645525544	0.05046141911500392
brms S2Z NCP	Native Stan	total_load[701]	0.04955807483668195	0.515283689614619	0.09617629246861369
brms S2Z NCP	Native Stan	total_load[702]	-0.02329977228658464	0.32970393474956694	-0.07066877228590686
brms S2Z NCP	Native Stan	total_load[703]	-0.1676347408746075	0.33067414892316943	-0.5069484307149654
brms S2Z NCP	Native Stan	total_load[704]	0.2475976218020719	0.3862541415227354	0.6410225682654538
brms S2Z NCP	Native Stan	total_load[705]	-0.3523857231259271	0.38874651995024256	-0.9064665663657402
brms S2Z NCP	Native Stan	total_load[706]	0.29770818353438244	0.401419689010073	0.7416382197608447
brms S2Z NCP	Native Stan	total_load[707]	0.23174154786908474	0.4528599639269993	0.5117289368208343
brms S2Z NCP	Native Stan	total_load[708]	-0.13636610834825547	0.4695093752972234	-0.29044384526278894
brms S2Z NCP	Native Stan	total_load[709]	-0.4185746810273159	0.5051434596765715	-0.8286253598043553
brms S2Z NCP	Native Stan	total_load[710]	0.7783535644918835	0.5884521002211477	1.3227135466070534
brms S2Z NCP	Native Stan	total_load[711]	-0.5297427204280467	0.6417456221089209	-0.8254714986402129
brms S2Z NCP	Native Stan	total_load[712]	0.012391026757256896	0.662080382382382	0.01871529060062152
brms S2Z NCP	Native Stan	total_load[713]	1.4901076388270624	0.6996872327714828	2.129676759892702
brms S2Z NCP	Native Stan	total_load[714]	0.9551084545734909	0.691582731617727	1.3810472860410112
brms S2Z NCP	Native Stan	total_load[715]	0.7238588311144589	0.752167748728207	0.9623635583131371
brms S2Z NCP	Native Stan	total_load[716]	4.627318907259525	1.0457541239580446	4.424863169313375
brms S2Z NCP	Native Stan	total_load[717]	-0.6573357028222517	0.9737432255741164	-0.6750606171711113
brms S2Z NCP	Native Stan	total_load[718]	0.7088547334124371	1.0893155170088362	0.6507340824069865
brms S2Z NCP	Native Stan	total_load[719]	1.3814902982333663	0.8947713531865235	1.5439590162486816
brms S2Z NCP	Native Stan	total_load[720]	0.03416973915055621	1.0791148803357555	0.03166459824919164
brms S2Z NCP	WHMC	log_tau_intercept	0.01936296343720123	0.015408109951883048	1.2566734984153494
brms S2Z NCP	WHMC	log_tau_load	-0.013176995742091968	0.01026608075505505	-1.2835468623801323
brms S2Z NCP	WHMC	log_sigma_intercept	0.00015796189345618217	0.00033022736696677424	0.47834283059912314
brms S2Z NCP	WHMC	log_sigma_subj_slope	8.714986706921668e-5	5.9619406372216415e-5	1.4617701243974461
brms S2Z NCP	WHMC	total_intercept[701]	-2.8430673253511713	1.7689456773454855	-1.6072100809887695
brms S2Z NCP	WHMC	total_intercept[702]	-0.06556309056918508	1.0344183219867262	-0.06338160217740844
brms S2Z NCP	WHMC	total_intercept[703]	1.1105299998864666	1.0605039338551332	1.0471719759204279
brms S2Z NCP	WHMC	total_intercept[704]	-1.0681667445769563	1.2036310547806075	-0.8874536265364613
brms S2Z NCP	WHMC	total_intercept[705]	1.857959458334335	1.3351372405240574	1.3915868735749322
brms S2Z NCP	WHMC	total_intercept[706]	0.21667238353256835	1.2994872026750472	0.16673683518124643
brms S2Z NCP	WHMC	total_intercept[707]	1.2937100751005346	1.4757663468968711	0.8766361137187126
brms S2Z NCP	WHMC	total_intercept[708]	-0.7316317603936113	1.516805656468119	-0.48235036392019753
brms S2Z NCP	WHMC	total_intercept[709]	-2.000277329815617	1.7868234452106413	-1.1194599752858139
brms S2Z NCP	WHMC	total_intercept[710]	-1.8394383060613109	1.8899375954989053	-0.9732799169888656
brms S2Z NCP	WHMC	total_intercept[711]	1.913876287621406	2.0394285406123176	0.9384375326270487
brms S2Z NCP	WHMC	total_intercept[712]	-0.9399181785320252	2.069175823282671	-0.4542476129654752
brms S2Z NCP	WHMC	total_intercept[713]	-2.002379965475484	2.273570236550707	-0.8807205219722383
brms S2Z NCP	WHMC	total_intercept[714]	4.613389129739517	2.366284264673489	1.9496343692147626
brms S2Z NCP	WHMC	total_intercept[715]	-1.3018950200275867	2.7089203598653446	-0.4805955314582602
brms S2Z NCP	WHMC	total_intercept[716]	-3.1053831773488128	3.8103116996726207	-0.814994525937504
brms S2Z NCP	WHMC	total_intercept[717]	-1.4070326046739865	3.1507631070747633	-0.4465688332818858
brms S2Z NCP	WHMC	total_intercept[718]	0.21921790488886472	3.662334682626787	0.05985741989359422
brms S2Z NCP	WHMC	total_intercept[719]	1.4635466480558534	3.064112882405117	0.4776412306674127
brms S2Z NCP	WHMC	total_intercept[720]	0.48118581692870066	3.3397146640633757	0.14407991859497657
brms S2Z NCP	WHMC	total_load[701]	1.1755882874272103	0.5898941940190481	1.992879908543819
brms S2Z NCP	WHMC	total_load[702]	0.24534890221712402	0.3426537987108128	0.7160256303599
brms S2Z NCP	WHMC	total_load[703]	-0.597657344463812	0.3676702948847479	-1.6255252403546967
brms S2Z NCP	WHMC	total_load[704]	0.3445408108251513	0.40185240071936046	0.8573814918322871
brms S2Z NCP	WHMC	total_load[705]	-0.4166170705439498	0.43689368668064477	-0.953589129907669
brms S2Z NCP	WHMC	total_load[706]	0.21904286811911078	0.4237715424295585	0.516889045600605
brms S2Z NCP	WHMC	total_load[707]	-0.20373722198970512	0.4974338917995689	-0.40957647910286943
brms S2Z NCP	WHMC	total_load[708]	0.2530342032388049	0.48252207746630976	0.524399224523508
brms S2Z NCP	WHMC	total_load[709]	-0.03132282439968215	0.5790532461776474	-0.05409316778110702
brms S2Z NCP	WHMC	total_load[710]	0.6806499870521616	0.6220279730161888	1.094243372611873
brms S2Z NCP	WHMC	total_load[711]	-1.0873262844243499	0.6821410716847165	-1.5939903482705242
brms S2Z NCP	WHMC	total_load[712]	0.30485036165524093	0.7145799260280613	0.4266147852063641
brms S2Z NCP	WHMC	total_load[713]	1.501324806822666	0.7125071244554717	2.107101466487149
brms S2Z NCP	WHMC	total_load[714]	-0.7940422404680021	0.7768902756994435	-1.0220777184437229
brms S2Z NCP	WHMC	total_load[715]	1.076814724126777	0.8919048301020093	1.207320207026594
brms S2Z NCP	WHMC	total_load[716]	2.0735660325065908	1.2016231303483276	1.7256375814815612
brms S2Z NCP	WHMC	total_load[717]	0.06073279034981738	1.0397665722915708	0.058410023911392606
brms S2Z NCP	WHMC	total_load[718]	-0.8904016282188252	1.2057340728256152	-0.7384726435839917
brms S2Z NCP	WHMC	total_load[719]	-0.19804320000134368	0.9644084718871077	-0.20535199116803937
brms S2Z NCP	WHMC	total_load[720]	0.6806145403189845	1.0823955584073464	0.6288038924701902
brms S2Z auto	Native Stan	log_tau_intercept	0.000216601190389909	0.003750092558014733	0.05775889182441295
brms S2Z auto	Native Stan	log_tau_load	-0.0035288142202860584	0.007073625191275077	-0.49886926785980323
brms S2Z auto	Native Stan	log_sigma_intercept	0.0001065305477281342	0.00035192982023703255	0.3027039528971529
brms S2Z auto	Native Stan	log_sigma_subj_slope	0.00020483950900375414	5.752616827926768e-5	3.56080571904835
brms S2Z auto	Native Stan	total_intercept[701]	-1.805862319959715	1.6045554643512774	-1.1254595806009275
brms S2Z auto	Native Stan	total_intercept[702]	0.5026431518842855	1.010288686949658	0.4975242803142781
brms S2Z auto	Native Stan	total_intercept[703]	-0.0048237594498914405	1.0277566463078511	-0.004693484072538457
brms S2Z auto	Native Stan	total_intercept[704]	-0.6798880458445637	1.2365310199011952	-0.5498350101228274
brms S2Z auto	Native Stan	total_intercept[705]	3.099093548552446	1.4138588747345278	2.1919398066757867
brms S2Z auto	Native Stan	total_intercept[706]	-0.7967356755580113	1.296961121690875	-0.6143096059188656
brms S2Z auto	Native Stan	total_intercept[707]	-0.7577397395161825	1.555093828230442	-0.4872630356834627
brms S2Z auto	Native Stan	total_intercept[708]	-0.9288183482067325	1.5840155383308943	-0.5863694678055021
brms S2Z auto	Native Stan	total_intercept[709]	0.4426459862588672	1.7582537571925707	0.25175318661945956
brms S2Z auto	Native Stan	total_intercept[710]	-1.5231012711265066	1.9252474432646576	-0.7911197474667316
brms S2Z auto	Native Stan	total_intercept[711]	0.9297935945755853	2.0242203209358585	0.45933418657990427
brms S2Z auto	Native Stan	total_intercept[712]	-0.020506361581283272	2.322140188062875	-0.008830802587499955
brms S2Z auto	Native Stan	total_intercept[713]	-5.753020588066647	2.42418682182354	-2.373175423723765
brms S2Z auto	Native Stan	total_intercept[714]	1.2800018493526295	2.377141968273136	0.5384625177782214
brms S2Z auto	Native Stan	total_intercept[715]	-2.3297229686750143	2.607482501587916	-0.8934759743377949
brms S2Z auto	Native Stan	total_intercept[716]	-1.6310782132886743	3.793769829031164	-0.42993599685651246
brms S2Z auto	Native Stan	total_intercept[717]	0.5510514387915464	3.4808575308400282	0.15830910455521063
brms S2Z auto	Native Stan	total_intercept[718]	1.2407801486906465	3.335996419041851	0.3719368946586032
brms S2Z auto	Native Stan	total_intercept[719]	-6.584097231434498	3.3406983627261786	-1.970874504833038
brms S2Z auto	Native Stan	total_intercept[720]	-0.673272842717779	3.6595327458151305	-0.18397781615363384
brms S2Z auto	Native Stan	total_load[701]	0.4884187936675275	0.5221435086219244	0.9354110232196405
brms S2Z auto	Native Stan	total_load[702]	0.19980980759667588	0.3343727959926451	0.5975659802212825
brms S2Z auto	Native Stan	total_load[703]	0.05696576010491583	0.3536704105786999	0.16107018964833536
brms S2Z auto	Native Stan	total_load[704]	0.04511434774211409	0.4085309874139991	0.11043066286767592
brms S2Z auto	Native Stan	total_load[705]	-0.7385607529001277	0.4624146267202574	-1.5971829397752328
brms S2Z auto	Native Stan	total_load[706]	0.4220502816746361	0.436021297265834	0.9679579514147447
brms S2Z auto	Native Stan	total_load[707]	0.2381676187460684	0.5093937597559964	0.46755111185530135
brms S2Z auto	Native Stan	total_load[708]	0.042352849125677494	0.5176544863399019	0.0818168300349044
brms S2Z auto	Native Stan	total_load[709]	-0.8698487008152611	0.5743429219056205	-1.5145110484328383
brms S2Z auto	Native Stan	total_load[710]	0.8496207173777908	0.6196018281272538	1.3712366213407874
brms S2Z auto	Native Stan	total_load[711]	-0.27308695946405237	0.6318020064440792	-0.4322350304030307
brms S2Z auto	Native Stan	total_load[712]	0.28540719544156445	0.7626981375425095	0.3742072799091595
brms S2Z auto	Native Stan	total_load[713]	2.073424879575164	0.7685072599015335	2.6979899706358346
brms S2Z auto	Native Stan	total_load[714]	0.13242729822287203	0.7746787901963	0.1709447836945627
brms S2Z auto	Native Stan	total_load[715]	2.801447554098658	0.8392092218203739	3.3381992014123574
brms S2Z auto	Native Stan	total_load[716]	1.6501690780331373	1.2538898596544104	1.3160398940365838
brms S2Z auto	Native Stan	total_load[717]	0.3947760637411477	1.1052947099582526	0.3571681472682146
brms S2Z auto	Native Stan	total_load[718]	0.21922902126868848	1.0909187073869293	0.2009581646957053
brms S2Z auto	Native Stan	total_load[719]	2.3101992160896963	1.0312725481574594	2.240144198754493
brms S2Z auto	Native Stan	total_load[720]	0.8770590426277494	1.106361481467411	0.792741845517318
brms S2Z auto	WHMC	log_tau_intercept	-0.0014668922617175895	0.003788681296115573	-0.38717752882026585
brms S2Z auto	WHMC	log_tau_load	0.012154501188763156	0.006804120987061925	1.7863440717581316
brms S2Z auto	WHMC	log_sigma_intercept	-0.00020420208007632112	0.000365334299843719	-0.5589458207556031
brms S2Z auto	WHMC	log_sigma_subj_slope	0.00010823795058326202	5.970324132303519e-5	1.812932567557279
brms S2Z auto	WHMC	total_intercept[701]	1.2496419100748426	1.624031428455478	0.7694690436276251
brms S2Z auto	WHMC	total_intercept[702]	-0.005579119812409772	1.062277595551206	-0.005252035659770098
brms S2Z auto	WHMC	total_intercept[703]	0.8098830741919301	1.0189640917943774	0.7948102202166325
brms S2Z auto	WHMC	total_intercept[704]	0.5165320185569726	1.2587540494739133	0.41035182271934156
brms S2Z auto	WHMC	total_intercept[705]	1.4218440901258873	1.3236779849224518	1.0741616211205527
brms S2Z auto	WHMC	total_intercept[706]	-0.18629562931982946	1.3174801970686596	-0.14140298255285336
brms S2Z auto	WHMC	total_intercept[707]	-1.3151485113066883	1.4900934031807782	-0.8825946806417305
brms S2Z auto	WHMC	total_intercept[708]	-1.9508123469886414	1.5727563455488387	-1.2403779851276797
brms S2Z auto	WHMC	total_intercept[709]	0.6266730464903958	1.667523818721255	0.3758105518222592
brms S2Z auto	WHMC	total_intercept[710]	0.020128265902712883	1.9438730686678407	0.01035472234640661
brms S2Z auto	WHMC	total_intercept[711]	0.8390313629492994	2.0174322175138344	0.41589073261815585
brms S2Z auto	WHMC	total_intercept[712]	-5.799615455476669	2.1593962904973245	-2.685757811569166
brms S2Z auto	WHMC	total_intercept[713]	-3.10902442886254	2.4238019875640875	-1.282705619029176
brms S2Z auto	WHMC	total_intercept[714]	0.7496424582332111	2.3126238846716176	0.32415234625999595
brms S2Z auto	WHMC	total_intercept[715]	-2.7217662284319886	2.57100430652612	-1.058639311308496
brms S2Z auto	WHMC	total_intercept[716]	-6.124012827014667	3.50599906084658	-1.746724035212926
brms S2Z auto	WHMC	total_intercept[717]	-3.79762716332516	3.1045686943163178	-1.2232382457111217
brms S2Z auto	WHMC	total_intercept[718]	-2.7920539726846982	3.4198399823029004	-0.8164282501909769
brms S2Z auto	WHMC	total_intercept[719]	-1.43277519332878	3.281931665882632	-0.4365646025550182
brms S2Z auto	WHMC	total_intercept[720]	-3.2293258819663606	3.491436899974881	-0.9249274652477878
brms S2Z auto	WHMC	total_load[701]	-0.40326616166124296	0.5298850168606785	-0.761044658424967
brms S2Z auto	WHMC	total_load[702]	-0.046467676494795995	0.3645714475253206	-0.12745835366487024
brms S2Z auto	WHMC	total_load[703]	-0.18065657853017925	0.3437246292417403	-0.5255852015280643
brms S2Z auto	WHMC	total_load[704]	-0.3359897711357718	0.4169373200160852	-0.8058519950260377
brms S2Z auto	WHMC	total_load[705]	-0.028806412098646206	0.43265216046300103	-0.06658099677075259
brms S2Z auto	WHMC	total_load[706]	0.30978611992020433	0.439854330842418	0.7042925309542721
brms S2Z auto	WHMC	total_load[707]	0.02380137307767427	0.4920517703836025	0.04837168466870625
brms S2Z auto	WHMC	total_load[708]	-0.05982720272923814	0.4987327263361473	-0.11995844581675683
brms S2Z auto	WHMC	total_load[709]	-1.234675181094353	0.5324008604577921	-2.319070596604034
brms S2Z auto	WHMC	total_load[710]	0.21381293973899673	0.6331882715769999	0.33767672165891605
brms S2Z auto	WHMC	total_load[711]	0.01277811105681792	0.6502505609885837	0.019651057336100113
brms S2Z auto	WHMC	total_load[712]	2.2218204201771528	0.6980554917841885	3.182870769340001
brms S2Z auto	WHMC	total_load[713]	0.711010418641429	0.777676265603744	0.9142755798126879
brms S2Z auto	WHMC	total_load[714]	-0.7707409394965623	0.7220115731317016	-1.0674911153480529
brms S2Z auto	WHMC	total_load[715]	1.4641438213229314	0.8246211474496865	1.7755351361665932
brms S2Z auto	WHMC	total_load[716]	1.833064682129283	1.1247220773048323	1.6297934566393946
brms S2Z auto	WHMC	total_load[717]	0.9723367529801692	1.0143928791125858	0.9585405940849977
brms S2Z auto	WHMC	total_load[718]	1.3750012118098311	1.124607749028856	1.2226495976016527
brms S2Z auto	WHMC	total_load[719]	0.7514835950463521	0.9798599383944443	0.7669296045286843
brms S2Z auto	WHMC	total_load[720]	1.19941091996796	1.0821406405527656	1.1083687970126432
total coefficients CP	WHMC	log_tau_intercept	-0.006883474858879524	0.0042564150719879125	-1.6172000950237853
total coefficients CP	WHMC	log_tau_load	0.005918023792148119	0.007179888754383044	0.8242500677375252
total coefficients CP	WHMC	log_sigma_intercept	-9.262583632185795e-5	0.00035401679484935107	-0.2616424917390547
total coefficients CP	WHMC	log_sigma_subj_slope	3.937105987775191e-5	6.173416295595598e-5	0.6377515785844712
total coefficients CP	WHMC	total_intercept[701]	1.6179217060010842	1.5428810421621686	1.0486367139061834
total coefficients CP	WHMC	total_intercept[702]	0.2702012334568735	1.0162562260337102	0.2658790436260616
total coefficients CP	WHMC	total_intercept[703]	1.029247401558223	1.001903124726613	1.0272923361119082
total coefficients CP	WHMC	total_intercept[704]	-0.7277503929508384	1.237336274952136	-0.5881589408497622
total coefficients CP	WHMC	total_intercept[705]	0.8620154733152958	1.4236904438118019	0.6054795668975116
total coefficients CP	WHMC	total_intercept[706]	0.02506059914776415	1.3542555343864373	0.018505074198657916
total coefficients CP	WHMC	total_intercept[707]	-0.16266387366431445	1.4076855167250155	-0.11555412890995173
total coefficients CP	WHMC	total_intercept[708]	0.6188151087908409	1.4352419222638444	0.4311573534688617
total coefficients CP	WHMC	total_intercept[709]	0.1940235146048508	1.8037355595306017	0.1075676052288634
total coefficients CP	WHMC	total_intercept[710]	-3.61479837920524	1.8379233772852035	-1.9667840476269791
total coefficients CP	WHMC	total_intercept[711]	1.5070843096964381	1.9251790290774027	0.7828281354273183
total coefficients CP	WHMC	total_intercept[712]	-3.47926485093285	2.201996063066215	-1.5800504411838392
total coefficients CP	WHMC	total_intercept[713]	-1.1476650370914285	2.345582732501258	-0.4892878094594401
total coefficients CP	WHMC	total_intercept[714]	-0.1735082968043571	2.2019434853067863	-0.0787977974739815
total coefficients CP	WHMC	total_intercept[715]	-0.45798177295819187	2.451209383989094	-0.18683910723810673
total coefficients CP	WHMC	total_intercept[716]	-3.557458273056909	3.463920943357787	-1.0270033096103084
total coefficients CP	WHMC	total_intercept[717]	-1.7757804658976966	2.9802325927315216	-0.5958529781295061
total coefficients CP	WHMC	total_intercept[718]	0.5246866342185967	3.309395217587389	0.15854456772953915
total coefficients CP	WHMC	total_intercept[719]	-0.5483046976332844	3.3173304676270554	-0.16528491899858755
total coefficients CP	WHMC	total_intercept[720]	-2.6671198110780097	3.6347233001229906	-0.7337889547156893
total coefficients CP	WHMC	total_load[701]	-0.18637319142130337	0.5213033832092583	-0.3575138727739479
total coefficients CP	WHMC	total_load[702]	-0.003939450741839323	0.3406114962832449	-0.011565818490645906
total coefficients CP	WHMC	total_load[703]	-0.2739418866537733	0.345866944408386	-0.7920441403336699
total coefficients CP	WHMC	total_load[704]	0.17272856656406077	0.417513070080269	0.4137081661440032
total coefficients CP	WHMC	total_load[705]	-0.0019831873817608425	0.47705684472980475	-0.004157130127509394
total coefficients CP	WHMC	total_load[706]	-0.17150907844662555	0.45671471273524267	-0.3755278156454953
total coefficients CP	WHMC	total_load[707]	0.07241286672032743	0.45852521948507935	0.15792559196993913
total coefficients CP	WHMC	total_load[708]	-0.04806359326350673	0.4734664558266835	-0.10151425232350743
total coefficients CP	WHMC	total_load[709]	-0.6134097945583825	0.561427406698522	-1.0925896870007528
total coefficients CP	WHMC	total_load[710]	1.2854854551147135	0.6210345039903518	2.069909879169426
total coefficients CP	WHMC	total_load[711]	-0.6274987294785888	0.6156910715982513	-1.0191778936304636
total coefficients CP	WHMC	total_load[712]	0.028403486283252732	0.7666008047190612	0.03705120854088048
total coefficients CP	WHMC	total_load[713]	0.48971077465490254	0.7163841705192558	0.6835868166935432
total coefficients CP	WHMC	total_load[714]	-0.06468566151181676	0.6954265882674547	-0.09301580152834082
total coefficients CP	WHMC	total_load[715]	1.0226181269904124	0.7843881621779635	1.3037143805829121
total coefficients CP	WHMC	total_load[716]	1.1428726833110403	1.083382621293058	1.054911405120177
total coefficients CP	WHMC	total_load[717]	0.06868587592629183	0.9448446472936858	0.07269541730805003
total coefficients CP	WHMC	total_load[718]	0.7039633229522622	1.087324285574314	0.647427204829179
total coefficients CP	WHMC	total_load[719]	0.8029242702974209	1.0187419886434772	0.7881527209520126
total coefficients CP	WHMC	total_load[720]	0.7699104849885998	1.1466789292441613	0.6714263821836247
total coefficients NCP	WHMC	log_tau_intercept	-0.00934752753927004	0.015299383850807207	-0.6109741170247752
total coefficients NCP	WHMC	log_tau_load	0.013688876242728298	0.010928333869634311	1.252604139480446
total coefficients NCP	WHMC	log_sigma_intercept	-5.938939900040907e-5	0.0003823328032575702	-0.1553343016722517
total coefficients NCP	WHMC	log_sigma_subj_slope	4.822563454451312e-6	6.88259154320476e-5	0.07006900560897979
total coefficients NCP	WHMC	total_intercept[701]	0.12195143426652066	1.5643955672643322	0.07795434659775843
total coefficients NCP	WHMC	total_intercept[702]	-0.2829431958314217	0.9893028647840014	-0.2860026043624142
total coefficients NCP	WHMC	total_intercept[703]	0.4252678882962755	1.0030867370316328	0.4239592376176184
total coefficients NCP	WHMC	total_intercept[704]	0.9139933756368919	1.2053441870256705	0.7582841361622017
total coefficients NCP	WHMC	total_intercept[705]	2.383867523210938	1.380539904461986	1.7267646632351143
total coefficients NCP	WHMC	total_intercept[706]	0.19030569884580473	1.2869893883548917	0.14786889508783368
total coefficients NCP	WHMC	total_intercept[707]	0.8241168488621042	1.4956690644271133	0.551002135741683
total coefficients NCP	WHMC	total_intercept[708]	-0.09153086324022297	1.4672495627145479	-0.06238261408705577
total coefficients NCP	WHMC	total_intercept[709]	0.26015152040781686	1.6440982569669442	0.15823356013268214
total coefficients NCP	WHMC	total_intercept[710]	-0.24634561032507918	1.9190554553296333	-0.1283681561368766
total coefficients NCP	WHMC	total_intercept[711]	0.8411699583875816	1.8073377818605736	0.46541934044096317
total coefficients NCP	WHMC	total_intercept[712]	-2.867599960781263	2.0969617104086664	-1.367502299420818
total coefficients NCP	WHMC	total_intercept[713]	-0.7789180222735013	2.2966415015807216	-0.33915524984521583
total coefficients NCP	WHMC	total_intercept[714]	2.86911275100465	2.380568348704505	1.2052217499094318
total coefficients NCP	WHMC	total_intercept[715]	-2.1302998877590653	2.484885331202033	-0.8573030960461095
total coefficients NCP	WHMC	total_intercept[716]	-4.28405365499566	3.588203977478496	-1.193927012478859
total coefficients NCP	WHMC	total_intercept[717]	-6.1831215209494985	3.1695700298755	-1.9507761187382158
total coefficients NCP	WHMC	total_intercept[718]	-1.428318116752962	3.4806581547732125	-0.4103586313968331
total coefficients NCP	WHMC	total_intercept[719]	-1.5536481771214312	3.059170831492435	-0.5078657788991388
total coefficients NCP	WHMC	total_intercept[720]	-2.347600080060147	3.3827263997351786	-0.6939964403399376
total coefficients NCP	WHMC	total_load[701]	0.09119766412599972	0.5149632843040427	0.1770954685619007
total coefficients NCP	WHMC	total_load[702]	0.19844036784818186	0.3315477812111737	0.5985272081244564
total coefficients NCP	WHMC	total_load[703]	0.09982867143125418	0.32665039608464425	0.30561319572190504
total coefficients NCP	WHMC	total_load[704]	-0.29086827079296995	0.3974842058310534	-0.7317731535642463
total coefficients NCP	WHMC	total_load[705]	-0.5143200440679934	0.4535220673464023	-1.1340573725052132
total coefficients NCP	WHMC	total_load[706]	0.1749920161656675	0.4271861340603339	0.40963880194892377
total coefficients NCP	WHMC	total_load[707]	-0.49879832739448204	0.48560841469352833	-1.0271616230317548
total coefficients NCP	WHMC	total_load[708]	0.43853482923012166	0.4745755428439288	0.9240569511908884
total coefficients NCP	WHMC	total_load[709]	-0.7821975183414693	0.5319371719118479	-1.4704697465118952
total coefficients NCP	WHMC	total_load[710]	0.4445994559034503	0.6505925146275028	0.6833762238380594
total coefficients NCP	WHMC	total_load[711]	-0.3851271117343913	0.5860757877445896	-0.657128514413615
total coefficients NCP	WHMC	total_load[712]	0.5465006873356799	0.7028127202161312	0.7775907743496991
total coefficients NCP	WHMC	total_load[713]	0.8951557527976561	0.7028396636215598	1.2736272568698512
total coefficients NCP	WHMC	total_load[714]	-0.7533017511663047	0.7741061944406579	-0.9731245616896456
total coefficients NCP	WHMC	total_load[715]	1.4248402684326962	0.7743713883582203	1.8399960146430052
total coefficients NCP	WHMC	total_load[716]	1.9025133974020783	1.1460225671593356	1.6601011637300203
total coefficients NCP	WHMC	total_load[717]	1.3039218619541373	1.032613174675096	1.2627399048674801
total coefficients NCP	WHMC	total_load[718]	1.9689828044782587	1.2088179423173875	1.6288497511077498
total coefficients NCP	WHMC	total_load[719]	0.6922671848950728	0.8972848384217788	0.771513297954183
total coefficients NCP	WHMC	total_load[720]	1.4325178043380191	1.0987826959490479	1.303731674715459
total coefficients ACP	WHMC	log_tau_intercept	0.0	0.003935332094839633	0.0
total coefficients ACP	WHMC	log_tau_load	0.0	0.006869638284479791	0.0
total coefficients ACP	WHMC	log_sigma_intercept	0.0	0.00033057160050961896	0.0
total coefficients ACP	WHMC	log_sigma_subj_slope	0.0	5.597474286299614e-5	0.0
total coefficients ACP	WHMC	total_intercept[701]	0.0	1.6876605437450956	0.0
total coefficients ACP	WHMC	total_intercept[702]	0.0	1.0846012628267718	0.0
total coefficients ACP	WHMC	total_intercept[703]	0.0	1.018668717334095	0.0
total coefficients ACP	WHMC	total_intercept[704]	0.0	1.2996647127121799	0.0
total coefficients ACP	WHMC	total_intercept[705]	0.0	1.3052550002694154	0.0
total coefficients ACP	WHMC	total_intercept[706]	0.0	1.2790586423893373	0.0
total coefficients ACP	WHMC	total_intercept[707]	0.0	1.5241924611590945	0.0
total coefficients ACP	WHMC	total_intercept[708]	0.0	1.476837761080414	0.0
total coefficients ACP	WHMC	total_intercept[709]	0.0	1.696826490056912	0.0
total coefficients ACP	WHMC	total_intercept[710]	0.0	1.9264787500658782	0.0
total coefficients ACP	WHMC	total_intercept[711]	0.0	1.900124765375966	0.0
total coefficients ACP	WHMC	total_intercept[712]	0.0	2.1353989856551774	0.0
total coefficients ACP	WHMC	total_intercept[713]	0.0	2.5222441486775	0.0
total coefficients ACP	WHMC	total_intercept[714]	0.0	2.2369641189015823	0.0
total coefficients ACP	WHMC	total_intercept[715]	0.0	2.612783168451842	0.0
total coefficients ACP	WHMC	total_intercept[716]	0.0	3.43405125628086	0.0
total coefficients ACP	WHMC	total_intercept[717]	0.0	3.057842533662249	0.0
total coefficients ACP	WHMC	total_intercept[718]	0.0	3.396271771075029	0.0
total coefficients ACP	WHMC	total_intercept[719]	0.0	3.0638440751402087	0.0
total coefficients ACP	WHMC	total_intercept[720]	0.0	3.5458842983366368	0.0
total coefficients ACP	WHMC	total_load[701]	0.0	0.5514312410218054	0.0
total coefficients ACP	WHMC	total_load[702]	0.0	0.36749236010187314	0.0
total coefficients ACP	WHMC	total_load[703]	0.0	0.3584224185059937	0.0
total coefficients ACP	WHMC	total_load[704]	0.0	0.42677857803302016	0.0
total coefficients ACP	WHMC	total_load[705]	0.0	0.43533196693112036	0.0
total coefficients ACP	WHMC	total_load[706]	0.0	0.4372478597840808	0.0
total coefficients ACP	WHMC	total_load[707]	0.0	0.5054449896231661	0.0
total coefficients ACP	WHMC	total_load[708]	0.0	0.4689853307743182	0.0
total coefficients ACP	WHMC	total_load[709]	0.0	0.549643676394843	0.0
total coefficients ACP	WHMC	total_load[710]	0.0	0.6466317973029816	0.0
total coefficients ACP	WHMC	total_load[711]	0.0	0.6075535284624174	0.0
total coefficients ACP	WHMC	total_load[712]	0.0	0.6972371388422093	0.0
total coefficients ACP	WHMC	total_load[713]	0.0	0.8050898151198165	0.0
total coefficients ACP	WHMC	total_load[714]	0.0	0.6831749247403576	0.0
total coefficients ACP	WHMC	total_load[715]	0.0	0.8325787556969608	0.0
total coefficients ACP	WHMC	total_load[716]	0.0	1.097712545993988	0.0
total coefficients ACP	WHMC	total_load[717]	0.0	0.9680045408169431	0.0
total coefficients ACP	WHMC	total_load[718]	0.0	1.0818617652952913	0.0
total coefficients ACP	WHMC	total_load[719]	0.0	0.9483088991030887	0.0
total coefficients ACP	WHMC	total_load[720]	0.0	1.0994506080716102	0.0
