frame	predictor	basis	candidate	loss	baseline	absolute_difference
NCP	mu	1	0.0	-0.04911112046392913	-0.04911112046392913	0.0
NCP	mu	1	0.1	-0.05407656730583795	-0.05407656730583795	0.0
NCP	mu	1	0.2	-0.05944417159250994	-0.05944417159250994	0.0
NCP	mu	1	0.3	-0.06521419932777825	-0.06521419932777825	0.0
NCP	mu	1	0.4	-0.07135086143231231	-0.07135086143231231	0.0
NCP	mu	1	0.5	-0.07775639458384002	-0.07775639458384002	0.0
NCP	mu	1	0.6	-0.08423649410406961	-0.08423649410406961	0.0
NCP	mu	1	0.7	-0.0904640587779924	-0.0904640587779924	0.0
NCP	mu	1	0.8	-0.09596172399324711	-0.09596172399324711	0.0
NCP	mu	1	0.9	-0.10013893036272746	-0.10013893036272746	0.0
NCP	mu	1	1.0	-0.10241529541771319	-0.10241529541771319	0.0
NCP	mu	2	0.0	-0.039355056963390166	-0.039355056963390166	0.0
NCP	mu	2	0.1	-0.042125537614557375	-0.042125537614557375	0.0
NCP	mu	2	0.2	-0.04493027417864548	-0.04493027417864548	0.0
NCP	mu	2	0.3	-0.0477219891804512	-0.0477219891804512	0.0
NCP	mu	2	0.4	-0.05043543212314984	-0.05043543212314984	0.0
NCP	mu	2	0.5	-0.05298574957856826	-0.05298574957856826	0.0
NCP	mu	2	0.6	-0.05526984052233993	-0.05526984052233993	0.0
NCP	mu	2	0.7	-0.05717244731067755	-0.05717244731067755	0.0
NCP	mu	2	0.8	-0.05857805522497006	-0.05857805522497006	0.0
NCP	mu	2	0.9	-0.05938777086803834	-0.05938777086803834	0.0
NCP	mu	2	1.0	-0.05953758596637524	-0.05953758596637524	0.0
NCP	mu	3	0.0	-0.055075384517596075	-0.055075384517596075	0.0
NCP	mu	3	0.1	-0.056567472327280086	-0.056567472327280086	0.0
NCP	mu	3	0.2	-0.05785623585618969	-0.05785623585618969	0.0
NCP	mu	3	0.3	-0.0589187256850323	-0.0589187256850323	0.0
NCP	mu	3	0.4	-0.05973478574513687	-0.05973478574513687	0.0
NCP	mu	3	0.5	-0.06028771386965921	-0.06028771386965921	0.0
NCP	mu	3	0.6	-0.060564848530649765	-0.060564848530649765	0.0
NCP	mu	3	0.7	-0.06055804543226721	-0.06055804543226721	0.0
NCP	mu	3	0.8	-0.060264011332574544	-0.060264011332574544	0.0
NCP	mu	3	0.9	-0.05968446977716794	-0.05968446977716794	0.0
NCP	mu	3	1.0	-0.05882614383744281	-0.05882614383744281	0.0
NCP	mu	4	0.0	-0.059982013760959144	-0.059982013760959144	0.0
NCP	mu	4	0.1	-0.06323849859845061	-0.06323849859845061	0.0
NCP	mu	4	0.2	-0.06638796227754011	-0.06638796227754011	0.0
NCP	mu	4	0.3	-0.0693453984932819	-0.0693453984932819	0.0
NCP	mu	4	0.4	-0.07201222231564497	-0.07201222231564497	0.0
NCP	mu	4	0.5	-0.07428070661863999	-0.07428070661863999	0.0
NCP	mu	4	0.6	-0.07604182029005709	-0.07604182029005709	0.0
NCP	mu	4	0.7	-0.07719620138894005	-0.07719620138894005	0.0
NCP	mu	4	0.8	-0.07766679709108755	-0.07766679709108755	0.0
NCP	mu	4	0.9	-0.07741053034982953	-0.07741053034982953	0.0
NCP	mu	4	1.0	-0.07642588639043418	-0.07642588639043418	0.0
NCP	mu	5	0.0	-0.058408829010298605	-0.058408829010298605	0.0
NCP	mu	5	0.1	-0.059772189621331594	-0.059772189621331594	0.0
NCP	mu	5	0.2	-0.06096003281349365	-0.06096003281349365	0.0
NCP	mu	5	0.3	-0.06195738428302791	-0.06195738428302791	0.0
NCP	mu	5	0.4	-0.06275130161046684	-0.06275130161046684	0.0
NCP	mu	5	0.5	-0.06333129663701788	-0.06333129663701788	0.0
NCP	mu	5	0.6	-0.06368970299256486	-0.06368970299256486	0.0
NCP	mu	5	0.7	-0.06382196458186484	-0.06382196458186484	0.0
NCP	mu	5	0.8	-0.06372682445016913	-0.06372682445016913	0.0
NCP	mu	5	0.9	-0.06340639937879254	-0.06340639937879254	0.0
NCP	mu	5	1.0	-0.0628661332564882	-0.0628661332564882	0.0
NCP	mu	6	0.0	-0.029886615745896537	-0.029886615745896537	0.0
NCP	mu	6	0.1	-0.03129669389385087	-0.03129669389385087	0.0
NCP	mu	6	0.2	-0.032603013102783185	-0.032603013102783185	0.0
NCP	mu	6	0.3	-0.033775541618793564	-0.033775541618793564	0.0
NCP	mu	6	0.4	-0.03478367949666465	-0.03478367949666465	0.0
NCP	mu	6	0.5	-0.03559761889709058	-0.03559761889709058	0.0
NCP	mu	6	0.6	-0.036189979175030335	-0.036189979175030335	0.0
NCP	mu	6	0.7	-0.036537591369000685	-0.036537591369000685	0.0
NCP	mu	6	0.8	-0.03662324208173037	-0.03662324208173037	0.0
NCP	mu	6	0.9	-0.03643714635309296	-0.03643714635309296	0.0
NCP	mu	6	1.0	-0.03597792260308421	-0.03597792260308421	0.0
NCP	mu	7	0.0	-0.03065148623896791	-0.03065148623896791	0.0
NCP	mu	7	0.1	-0.0312934808361636	-0.0312934808361636	0.0
NCP	mu	7	0.2	-0.0318510923544111	-0.0318510923544111	0.0
NCP	mu	7	0.3	-0.03231500960293414	-0.03231500960293414	0.0
NCP	mu	7	0.4	-0.032676786709932126	-0.032676786709932126	0.0
NCP	mu	7	0.5	-0.03292911289045848	-0.03292911289045848	0.0
NCP	mu	7	0.6	-0.033066065022280565	-0.033066065022280565	0.0
NCP	mu	7	0.7	-0.03308332733631357	-0.03308332733631357	0.0
NCP	mu	7	0.8	-0.03297836321196951	-0.03297836321196951	0.0
NCP	mu	7	0.9	-0.03275052637713021	-0.03275052637713021	0.0
NCP	mu	7	1.0	-0.03240110263423064	-0.03240110263423064	0.0
NCP	mu	8	0.0	-0.05107842174950107	-0.05107842174950107	0.0
NCP	mu	8	0.1	-0.052314891365015395	-0.052314891365015395	0.0
NCP	mu	8	0.2	-0.053397387661582224	-0.053397387661582224	0.0
NCP	mu	8	0.3	-0.054314355130460214	-0.054314355130460214	0.0
NCP	mu	8	0.4	-0.05505587018407006	-0.05505587018407006	0.0
NCP	mu	8	0.5	-0.055613914132513285	-0.055613914132513285	0.0
NCP	mu	8	0.6	-0.055982606470966784	-0.055982606470966784	0.0
NCP	mu	8	0.7	-0.05615838532433676	-0.05615838532433676	0.0
NCP	mu	8	0.8	-0.05614012414667324	-0.05614012414667324	0.0
NCP	mu	8	0.9	-0.05592917708521359	-0.05592917708521359	0.0
NCP	mu	8	1.0	-0.055529349518213235	-0.055529349518213235	0.0
NCP	mu	9	0.0	-0.060017191356493325	-0.060017191356493325	0.0
NCP	mu	9	0.1	-0.06256802262107354	-0.06256802262107354	0.0
NCP	mu	9	0.2	-0.06490505554264242	-0.06490505554264242	0.0
NCP	mu	9	0.3	-0.06698853328167752	-0.06698853328167752	0.0
NCP	mu	9	0.4	-0.06878083768824474	-0.06878083768824474	0.0
NCP	mu	9	0.5	-0.07024836465198003	-0.07024836465198003	0.0
NCP	mu	9	0.6	-0.07136339280803443	-0.07136339280803443	0.0
NCP	mu	9	0.7	-0.07210575033265963	-0.07210575033265963	0.0
NCP	mu	9	0.8	-0.07246408331960501	-0.07246408331960501	0.0
NCP	mu	9	0.9	-0.07243656464892889	-0.07243656464892889	0.0
NCP	mu	9	1.0	-0.07203095093483088	-0.07203095093483088	0.0
NCP	mu	10	0.0	-0.057314608820554835	-0.057314608820554835	0.0
NCP	mu	10	0.1	-0.057923407380719924	-0.057923407380719924	0.0
NCP	mu	10	0.2	-0.05842694361558453	-0.05842694361558453	0.0
NCP	mu	10	0.3	-0.058822049810143016	-0.058822049810143016	0.0
NCP	mu	10	0.4	-0.059106138027843015	-0.059106138027843015	0.0
NCP	mu	10	0.5	-0.05927722695181841	-0.05927722695181841	0.0
NCP	mu	10	0.6	-0.05933396335947696	-0.05933396335947696	0.0
NCP	mu	10	0.7	-0.05927563800388265	-0.05927563800388265	0.0
NCP	mu	10	0.8	-0.05910219573033297	-0.05910219573033297	0.0
NCP	mu	10	0.9	-0.05881423971192009	-0.05881423971192009	0.0
NCP	mu	10	1.0	-0.058413029743576504	-0.058413029743576504	0.0
NCP	mu	11	0.0	-0.07835449656786704	-0.07835449656786704	0.0
NCP	mu	11	0.1	-0.08085190675243983	-0.08085190675243983	0.0
NCP	mu	11	0.2	-0.0830611260002053	-0.0830611260002053	0.0
NCP	mu	11	0.3	-0.08493571509009194	-0.08493571509009194	0.0
NCP	mu	11	0.4	-0.0864343134459241	-0.0864343134459241	0.0
NCP	mu	11	0.5	-0.08752327323921809	-0.08752327323921809	0.0
NCP	mu	11	0.6	-0.08817897820353815	-0.08817897820353815	0.0
NCP	mu	11	0.7	-0.08838953739188672	-0.08838953739188672	0.0
NCP	mu	11	0.8	-0.08815561125698133	-0.08815561125698133	0.0
NCP	mu	11	0.9	-0.08749025117341136	-0.08749025117341136	0.0
NCP	mu	11	1.0	-0.08641778579580861	-0.08641778579580861	0.0
NCP	mu	12	0.0	-0.08010497131356555	-0.08010497131356555	0.0
NCP	mu	12	0.1	-0.08179303899108434	-0.08179303899108434	0.0
NCP	mu	12	0.2	-0.08323698331487069	-0.08323698331487069	0.0
NCP	mu	12	0.3	-0.0844239480623516	-0.0844239480623516	0.0
NCP	mu	12	0.4	-0.08534383645677668	-0.08534383645677668	0.0
NCP	mu	12	0.5	-0.08598949777833659	-0.08598949777833659	0.0
NCP	mu	12	0.6	-0.08635684499391201	-0.08635684499391201	0.0
NCP	mu	12	0.7	-0.08644489990447318	-0.08644489990447318	0.0
NCP	mu	12	0.8	-0.08625576544855795	-0.08625576544855795	0.0
NCP	mu	12	0.9	-0.08579452787411244	-0.08579452787411244	0.0
NCP	mu	12	1.0	-0.08506909428127347	-0.08506909428127347	0.0
NCP	mu	13	0.0	-0.11141389012395173	-0.11141389012395173	0.0
NCP	mu	13	0.1	-0.11443366988037187	-0.11443366988037187	0.0
NCP	mu	13	0.2	-0.11702090757525233	-0.11702090757525233	0.0
NCP	mu	13	0.3	-0.11913446673414584	-0.11913446673414584	0.0
NCP	mu	13	0.4	-0.12074060823026858	-0.12074060823026858	0.0
NCP	mu	13	0.5	-0.12181410199150826	-0.12181410199150826	0.0
NCP	mu	13	0.6	-0.12233899262215663	-0.12233899262215663	0.0
NCP	mu	13	0.7	-0.12230897457045917	-0.12230897457045917	0.0
NCP	mu	13	0.8	-0.12172736442465232	-0.12172736442465232	0.0
NCP	mu	13	0.9	-0.12060669012881255	-0.12060669012881255	0.0
NCP	mu	13	1.0	-0.11896794512425447	-0.11896794512425447	0.0
NCP	mu	14	0.0	-0.12001417172411795	-0.12001417172411795	0.0
NCP	mu	14	0.1	-0.12377138174957486	-0.12377138174957486	0.0
NCP	mu	14	0.2	-0.12699040614017687	-0.12699040614017687	0.0
NCP	mu	14	0.3	-0.12962227159670403	-0.12962227159670403	0.0
NCP	mu	14	0.4	-0.1316272342123905	-0.1316272342123905	0.0
NCP	mu	14	0.5	-0.13297579968061063	-0.13297579968061063	0.0
NCP	mu	14	0.6	-0.13364940131568848	-0.13364940131568848	0.0
NCP	mu	14	0.7	-0.13364071823866688	-0.13364071823866688	0.0
NCP	mu	14	0.8	-0.1329536356495259	-0.1329536356495259	0.0
NCP	mu	14	0.9	-0.13160286701620735	-0.13160286701620735	0.0
NCP	mu	14	1.0	-0.12961327298179956	-0.12961327298179956	0.0
NCP	mu	15	0.0	-0.10493902491388979	-0.10493902491388979	0.0
NCP	mu	15	0.1	-0.10883870139997721	-0.10883870139997721	0.0
NCP	mu	15	0.2	-0.11215022842703061	-0.11215022842703061	0.0
NCP	mu	15	0.3	-0.11481591471707743	-0.11481591471707743	0.0
NCP	mu	15	0.4	-0.11678895951236805	-0.11678895951236805	0.0
NCP	mu	15	0.5	-0.11803479916568085	-0.11803479916568085	0.0
NCP	mu	15	0.6	-0.1185320965145401	-0.1185320965145401	0.0
NCP	mu	15	0.7	-0.11827333555091185	-0.11827333555091185	0.0
NCP	mu	15	0.8	-0.117264999819896	-0.117264999819896	0.0
NCP	mu	15	0.9	-0.11552732999720046	-0.11552732999720046	0.0
NCP	mu	15	1.0	-0.1130936733615272	-0.1130936733615272	0.0
NCP	mu	16	0.0	-0.14404556140901353	-0.14404556140901353	0.0
NCP	mu	16	0.1	-0.15187714430702715	-0.15187714430702715	0.0
NCP	mu	16	0.2	-0.15873200710112892	-0.15873200710112892	0.0
NCP	mu	16	0.3	-0.16445322149863661	-0.16445322149863661	0.0
NCP	mu	16	0.4	-0.16890723398402308	-0.16890723398402308	0.0
NCP	mu	16	0.5	-0.17198875526569032	-0.17198875526569032	0.0
NCP	mu	16	0.6	-0.17362450006651547	-0.17362450006651547	0.0
NCP	mu	16	0.7	-0.17377562289865667	-0.17377562289865667	0.0
NCP	mu	16	0.8	-0.1724387749781565	-0.1724387749781565	0.0
NCP	mu	16	0.9	-0.16964578481218906	-0.16964578481218906	0.0
NCP	mu	16	1.0	-0.16546203559740902	-0.16546203559740902	0.0
NCP	mu	17	0.0	-0.18595834630001928	-0.18595834630001928	0.0
NCP	mu	17	0.1	-0.1988003962005822	-0.1988003962005822	0.0
NCP	mu	17	0.2	-0.20998835988735975	-0.20998835988735975	0.0
NCP	mu	17	0.3	-0.2191391325384031	-0.2191391325384031	0.0
NCP	mu	17	0.4	-0.22593454121238676	-0.22593454121238676	0.0
NCP	mu	17	0.5	-0.2301398303282758	-0.2301398303282758	0.0
NCP	mu	17	0.6	-0.2316155232128907	-0.2316155232128907	0.0
NCP	mu	17	0.7	-0.23032193962159106	-0.23032193962159106	0.0
NCP	mu	17	0.8	-0.2263166612118976	-0.2263166612118976	0.0
NCP	mu	17	0.9	-0.21974605456834287	-0.21974605456834287	0.0
NCP	mu	17	1.0	-0.21083246461132404	-0.21083246461132404	0.0
NCP	mu	18	0.0	-0.22060979119343946	-0.22060979119343946	0.0
NCP	mu	18	0.1	-0.23738789459652218	-0.23738789459652218	0.0
NCP	mu	18	0.2	-0.2519979067189519	-0.2519979067189519	0.0
NCP	mu	18	0.3	-0.26386117996073544	-0.26386117996073544	0.0
NCP	mu	18	0.4	-0.2724681224764467	-0.2724681224764467	0.0
NCP	mu	18	0.5	-0.277409039566129	-0.277409039566129	0.0
NCP	mu	18	0.6	-0.278399834631768	-0.278399834631768	0.0
NCP	mu	18	0.7	-0.27530051224629704	-0.27530051224629704	0.0
NCP	mu	18	0.8	-0.2681253744077152	-0.2681253744077152	0.0
NCP	mu	18	0.9	-0.2570449707322456	-0.2570449707322456	0.0
NCP	mu	18	1.0	-0.24238101026161635	-0.24238101026161635	0.0
NCP	mu	19	0.0	-0.21801281016112423	-0.21801281016112423	0.0
NCP	mu	19	0.1	-0.24178295270383926	-0.24178295270383926	0.0
NCP	mu	19	0.2	-0.26290328620208137	-0.26290328620208137	0.0
NCP	mu	19	0.3	-0.28027871406036853	-0.28027871406036853	0.0
NCP	mu	19	0.4	-0.2929336040892426	-0.2929336040892426	0.0
NCP	mu	19	0.5	-0.3000915769320483	-0.3000915769320483	0.0
NCP	mu	19	0.6	-0.3012417926330918	-0.3012417926330918	0.0
NCP	mu	19	0.7	-0.2961855996920766	-0.2961855996920766	0.0
NCP	mu	19	0.8	-0.28506042133338555	-0.28506042133338555	0.0
NCP	mu	19	0.9	-0.2683407341303592	-0.2683407341303592	0.0
NCP	mu	19	1.0	-0.24681791990088606	-0.24681791990088606	0.0
NCP	mu	20	0.0	-0.2210406576134217	-0.2210406576134217	0.0
NCP	mu	20	0.1	-0.250078814033464	-0.250078814033464	0.0
NCP	mu	20	0.2	-0.275660060261781	-0.275660060261781	0.0
NCP	mu	20	0.3	-0.29601394579429036	-0.29601394579429036	0.0
NCP	mu	20	0.4	-0.30956195153025134	-0.30956195153025134	0.0
NCP	mu	20	0.5	-0.31506783910866293	-0.31506783910866293	0.0
NCP	mu	20	0.6	-0.31176635080325277	-0.31176635080325277	0.0
NCP	mu	20	0.7	-0.2994692768430579	-0.2994692768430579	0.0
NCP	mu	20	0.8	-0.2786522756253368	-0.2786522756253368	0.0
NCP	mu	20	0.9	-0.25051680546667354	-0.25051680546667354	0.0
NCP	mu	20	1.0	-0.2169934671094677	-0.2169934671094677	0.0
NCP	sigma	1	0.0	-0.09321646227904662	-0.09321646227904662	0.0
NCP	sigma	1	0.1	-0.10967179778070592	-0.10967179778070592	0.0
NCP	sigma	1	0.2	-0.1292780473808298	-0.1292780473808298	0.0
NCP	sigma	1	0.3	-0.15306546219144138	-0.15306546219144138	0.0
NCP	sigma	1	0.4	-0.1825337913490573	-0.1825337913490573	0.0
NCP	sigma	1	0.5	-0.21983136262400674	-0.21983136262400674	0.0
NCP	sigma	1	0.6	-0.2677711031597765	-0.2677711031597765	0.0
NCP	sigma	1	0.7	-0.32876508248082875	-0.32876508248082875	0.0
NCP	sigma	1	0.8	-0.3994750340579881	-0.3994750340579881	0.0
NCP	sigma	1	0.9	-0.45710068909719337	-0.45710068909719337	0.0
NCP	sigma	1	1.0	-0.46043066968781143	-0.46043066968781143	0.0
NCP	sigma	2	0.0	-0.17194748644697774	-0.17194748644697774	0.0
NCP	sigma	2	0.1	-0.18893665293979253	-0.18893665293979253	0.0
NCP	sigma	2	0.2	-0.20617622342666417	-0.20617622342666417	0.0
NCP	sigma	2	0.3	-0.2234101540090228	-0.2234101540090228	0.0
NCP	sigma	2	0.4	-0.24031702201589536	-0.24031702201589536	0.0
NCP	sigma	2	0.5	-0.25650278333520315	-0.25650278333520315	0.0
NCP	sigma	2	0.6	-0.2714996071676077	-0.2714996071676077	0.0
NCP	sigma	2	0.7	-0.28477554408625366	-0.28477554408625366	0.0
NCP	sigma	2	0.8	-0.2957600433833605	-0.2957600433833605	0.0
NCP	sigma	2	0.9	-0.30388855245655744	-0.30388855245655744	0.0
NCP	sigma	2	1.0	-0.30866467747507376	-0.30866467747507376	0.0
NCP	sigma	3	0.0	-0.1693358483711674	-0.1693358483711674	0.0
NCP	sigma	3	0.1	-0.1854691133470579	-0.1854691133470579	0.0
NCP	sigma	3	0.2	-0.20258360948255524	-0.20258360948255524	0.0
NCP	sigma	3	0.3	-0.22035915387960692	-0.22035915387960692	0.0
NCP	sigma	3	0.4	-0.23820641291023287	-0.23820641291023287	0.0
NCP	sigma	3	0.5	-0.2551707560197744	-0.2551707560197744	0.0
NCP	sigma	3	0.6	-0.269886486855749	-0.269886486855749	0.0
NCP	sigma	3	0.7	-0.2806769777175192	-0.2806769777175192	0.0
NCP	sigma	3	0.8	-0.285890018491719	-0.285890018491719	0.0
NCP	sigma	3	0.9	-0.28442784911565067	-0.28442784911565067	0.0
NCP	sigma	3	1.0	-0.27621133964189387	-0.27621133964189387	0.0
NCP	sigma	4	0.0	-0.19193738992391163	-0.19193738992391163	0.0
NCP	sigma	4	0.1	-0.19871532279755683	-0.19871532279755683	0.0
NCP	sigma	4	0.2	-0.20479858961086542	-0.20479858961086542	0.0
NCP	sigma	4	0.3	-0.2101123264551558	-0.2101123264551558	0.0
NCP	sigma	4	0.4	-0.21459000481720147	-0.21459000481720147	0.0
NCP	sigma	4	0.5	-0.2181747674769027	-0.2181747674769027	0.0
NCP	sigma	4	0.6	-0.22082059707887924	-0.22082059707887924	0.0
NCP	sigma	4	0.7	-0.22249328001767618	-0.22249328001767618	0.0
NCP	sigma	4	0.8	-0.22317113362180024	-0.22317113362180024	0.0
NCP	sigma	4	0.9	-0.22284547184380754	-0.22284547184380754	0.0
NCP	sigma	4	1.0	-0.22152079334301664	-0.22152079334301664	0.0
NCP	sigma	5	0.0	-0.20126188139123063	-0.20126188139123063	0.0
NCP	sigma	5	0.1	-0.20631955984079628	-0.20631955984079628	0.0
NCP	sigma	5	0.2	-0.21071635557598378	-0.21071635557598378	0.0
NCP	sigma	5	0.3	-0.2144112632211469	-0.2144112632211469	0.0
NCP	sigma	5	0.4	-0.2173696158588407	-0.2173696158588407	0.0
NCP	sigma	5	0.5	-0.21956348826071123	-0.21956348826071123	0.0
NCP	sigma	5	0.6	-0.22097202657617354	-0.22097202657617354	0.0
NCP	sigma	5	0.7	-0.22158170328317023	-0.22158170328317023	0.0
NCP	sigma	5	0.8	-0.22138649576245223	-0.22138649576245223	0.0
NCP	sigma	5	0.9	-0.22038798634641896	-0.22038798634641896	0.0
NCP	sigma	5	1.0	-0.21859538120096467	-0.21859538120096467	0.0
NCP	sigma	6	0.0	-0.2744629365929477	-0.2744629365929477	0.0
NCP	sigma	6	0.1	-0.28044086321817213	-0.28044086321817213	0.0
NCP	sigma	6	0.2	-0.28525354804858905	-0.28525354804858905	0.0
NCP	sigma	6	0.3	-0.2888475200725002	-0.2888475200725002	0.0
NCP	sigma	6	0.4	-0.2911829572602647	-0.2911829572602647	0.0
NCP	sigma	6	0.5	-0.29223468284234	-0.29223468284234	0.0
NCP	sigma	6	0.6	-0.2919928495747866	-0.2919928495747866	0.0
NCP	sigma	6	0.7	-0.2904632748207591	-0.2904632748207591	0.0
NCP	sigma	6	0.8	-0.28766740477548974	-0.28766740477548974	0.0
NCP	sigma	6	0.9	-0.283641903110638	-0.283641903110638	0.0
NCP	sigma	6	1.0	-0.27843787660731184	-0.27843787660731184	0.0
NCP	sigma	7	0.0	-0.25488506761547325	-0.25488506761547325	0.0
NCP	sigma	7	0.1	-0.2652586551716567	-0.2652586551716567	0.0
NCP	sigma	7	0.2	-0.2742850685014279	-0.2742850685014279	0.0
NCP	sigma	7	0.3	-0.28182617702778934	-0.28182617702778934	0.0
NCP	sigma	7	0.4	-0.28776970438366495	-0.28776970438366495	0.0
NCP	sigma	7	0.5	-0.2920323197179777	-0.2920323197179777	0.0
NCP	sigma	7	0.6	-0.29456103404816436	-0.29456103404816436	0.0
NCP	sigma	7	0.7	-0.29533266037278777	-0.29533266037278777	0.0
NCP	sigma	7	0.8	-0.294351138188638	-0.294351138188638	0.0
NCP	sigma	7	0.9	-0.29164251162387134	-0.29164251162387134	0.0
NCP	sigma	7	1.0	-0.2872472637272316	-0.2872472637272316	0.0
NCP	sigma	8	0.0	-0.27715580597743683	-0.27715580597743683	0.0
NCP	sigma	8	0.1	-0.29359428326937265	-0.29359428326937265	0.0
NCP	sigma	8	0.2	-0.3080916929256879	-0.3080916929256879	0.0
NCP	sigma	8	0.3	-0.32027539089597046	-0.32027539089597046	0.0
NCP	sigma	8	0.4	-0.32983322446687335	-0.32983322446687335	0.0
NCP	sigma	8	0.5	-0.3365282696382297	-0.3365282696382297	0.0
NCP	sigma	8	0.6	-0.34020543225904043	-0.34020543225904043	0.0
NCP	sigma	8	0.7	-0.34078784656902805	-0.34078784656902805	0.0
NCP	sigma	8	0.8	-0.33826140750538464	-0.33826140750538464	0.0
NCP	sigma	8	0.9	-0.3326456491706229	-0.3326456491706229	0.0
NCP	sigma	8	1.0	-0.323948510619481	-0.323948510619481	0.0
NCP	sigma	9	0.0	-0.48299187153818596	-0.48299187153818596	0.0
NCP	sigma	9	0.1	-0.5062624626873639	-0.5062624626873639	0.0
NCP	sigma	9	0.2	-0.5252768879575054	-0.5252768879575054	0.0
NCP	sigma	9	0.3	-0.5395257958828349	-0.5395257958828349	0.0
NCP	sigma	9	0.4	-0.5484262663752079	-0.5484262663752079	0.0
NCP	sigma	9	0.5	-0.55115077598269	-0.55115077598269	0.0
NCP	sigma	9	0.6	-0.5461460700214997	-0.5461460700214997	0.0
NCP	sigma	9	0.7	-0.5299804813616442	-0.5299804813616442	0.0
NCP	sigma	9	0.8	-0.4953465939490866	-0.4953465939490866	0.0
NCP	sigma	9	0.9	-0.43103095332838676	-0.43103095332838676	0.0
NCP	sigma	9	1.0	-0.33372388086678967	-0.33372388086678967	0.0
NCP	sigma	10	0.0	-0.4477616536115741	-0.4477616536115741	0.0
NCP	sigma	10	0.1	-0.48114098053622095	-0.48114098053622095	0.0
NCP	sigma	10	0.2	-0.5068235555746287	-0.5068235555746287	0.0
NCP	sigma	10	0.3	-0.5229601268481547	-0.5229601268481547	0.0
NCP	sigma	10	0.4	-0.5262539943720375	-0.5262539943720375	0.0
NCP	sigma	10	0.5	-0.5089553185350788	-0.5089553185350788	0.0
NCP	sigma	10	0.6	-0.45418112826009105	-0.45418112826009105	0.0
NCP	sigma	10	0.7	-0.3469828099419711	-0.3469828099419711	0.0
NCP	sigma	10	0.8	-0.21785539172760016	-0.21785539172760016	0.0
NCP	sigma	10	0.9	-0.12002186808543637	-0.12002186808543637	0.0
NCP	sigma	10	1.0	-0.0640154106559683	-0.0640154106559683	0.0
NCP	sigma	11	0.0	-0.5930515375551441	-0.5930515375551441	0.0
NCP	sigma	11	0.1	-0.6382980131357426	-0.6382980131357426	0.0
NCP	sigma	11	0.2	-0.6680851439493655	-0.6680851439493655	0.0
NCP	sigma	11	0.3	-0.6742840984131709	-0.6742840984131709	0.0
NCP	sigma	11	0.4	-0.6340540139765519	-0.6340540139765519	0.0
NCP	sigma	11	0.5	-0.4995431676255959	-0.4995431676255959	0.0
NCP	sigma	11	0.6	-0.28919356230666177	-0.28919356230666177	0.0
NCP	sigma	11	0.7	-0.13068145089841707	-0.13068145089841707	0.0
NCP	sigma	11	0.8	-0.0522976737939162	-0.0522976737939162	0.0
NCP	sigma	11	0.9	-0.01884314507305638	-0.01884314507305638	0.0
NCP	sigma	11	1.0	-0.005236999990326671	-0.005236999990326671	0.0
NCP	sigma	12	0.0	-0.6604146108728041	-0.6604146108728041	0.0
NCP	sigma	12	0.1	-0.7130533102007851	-0.7130533102007851	0.0
NCP	sigma	12	0.2	-0.7377906988844898	-0.7377906988844898	0.0
NCP	sigma	12	0.3	-0.7215070419482698	-0.7215070419482698	0.0
NCP	sigma	12	0.4	-0.6343525662782455	-0.6343525662782455	0.0
NCP	sigma	12	0.5	-0.43480996707269237	-0.43480996707269237	0.0
NCP	sigma	12	0.6	-0.2059584066315389	-0.2059584066315389	0.0
NCP	sigma	12	0.7	-0.07727221240988454	-0.07727221240988454	0.0
NCP	sigma	12	0.8	-0.026921147404329868	-0.026921147404329868	0.0
NCP	sigma	12	0.9	-0.009498689746282945	-0.009498689746282945	0.0
NCP	sigma	12	1.0	-0.0037512807390037784	-0.0037512807390037784	0.0
NCP	sigma	13	0.0	-0.7151762789057694	-0.7151762789057694	0.0
NCP	sigma	13	0.1	-0.773557656048965	-0.773557656048965	0.0
NCP	sigma	13	0.2	-0.7827235575467884	-0.7827235575467884	0.0
NCP	sigma	13	0.3	-0.7153702055078858	-0.7153702055078858	0.0
NCP	sigma	13	0.4	-0.510698578943998	-0.510698578943998	0.0
NCP	sigma	13	0.5	-0.2240278271299468	-0.2240278271299468	0.0
NCP	sigma	13	0.6	-0.06825063727216968	-0.06825063727216968	0.0
NCP	sigma	13	0.7	-0.01747941938760575	-0.01747941938760575	0.0
NCP	sigma	13	0.8	-0.0033189684313420153	-0.0033189684313420153	0.0
NCP	sigma	13	0.9	0.00037369983174634423	0.00037369983174634423	0.0
NCP	sigma	13	1.0	0.001258245095918363	0.001258245095918363	0.0
NCP	sigma	14	0.0	-0.7994084697834729	-0.7994084697834729	0.0
NCP	sigma	14	0.1	-0.8216170223184902	-0.8216170223184902	0.0
NCP	sigma	14	0.2	-0.7394579978611804	-0.7394579978611804	0.0
NCP	sigma	14	0.3	-0.4484263827013488	-0.4484263827013488	0.0
NCP	sigma	14	0.4	-0.1330886021310905	-0.1330886021310905	0.0
NCP	sigma	14	0.5	-0.02843447035382021	-0.02843447035382021	0.0
NCP	sigma	14	0.6	-0.004945629257881963	-0.004945629257881963	0.0
NCP	sigma	14	0.7	-1.7280591078863298e-5	-1.7280591078863298e-5	0.0
NCP	sigma	14	0.8	0.0010276420065088601	0.0010276420065088601	0.0
NCP	sigma	14	0.9	0.0012665735689132546	0.0012665735689132546	0.0
NCP	sigma	14	1.0	0.0013281564758295802	0.0013281564758295802	0.0
NCP	sigma	15	0.0	-0.8667098967039382	-0.8667098967039382	0.0
NCP	sigma	15	0.1	-0.8892607390953902	-0.8892607390953902	0.0
NCP	sigma	15	0.2	-0.7140266048110371	-0.7140266048110371	0.0
NCP	sigma	15	0.3	-0.25263972835695186	-0.25263972835695186	0.0
NCP	sigma	15	0.4	-0.04653445919085722	-0.04653445919085722	0.0
NCP	sigma	15	0.5	-0.007404018197734369	-0.007404018197734369	0.0
NCP	sigma	15	0.6	-0.0010020590818290004	-0.0010020590818290004	0.0
NCP	sigma	15	0.7	2.5129622646126718e-5	2.5129622646126718e-5	0.0
NCP	sigma	15	0.8	0.00021756978448906163	0.00021756978448906163	0.0
NCP	sigma	15	0.9	0.0002827407420011141	0.0002827407420011141	0.0
NCP	sigma	15	1.0	0.00032595503467071026	0.00032595503467071026	0.0
NCP	sigma	16	0.0	-0.900992950874934	-0.900992950874934	0.0
NCP	sigma	16	0.1	-0.8683420717960868	-0.8683420717960868	0.0
NCP	sigma	16	0.2	-0.6091631221941011	-0.6091631221941011	0.0
NCP	sigma	16	0.3	-0.15257442679772085	-0.15257442679772085	0.0
NCP	sigma	16	0.4	-0.02243262234354049	-0.02243262234354049	0.0
NCP	sigma	16	0.5	-0.006050934223557742	-0.006050934223557742	0.0
NCP	sigma	16	0.6	-0.004109969403596892	-0.004109969403596892	0.0
NCP	sigma	16	0.7	-0.003751733516825387	-0.003751733516825387	0.0
NCP	sigma	16	0.8	-0.003548549655350583	-0.003548549655350583	0.0
NCP	sigma	16	0.9	-0.003359880982008529	-0.003359880982008529	0.0
NCP	sigma	16	1.0	-0.003177392174424214	-0.003177392174424214	0.0
NCP	sigma	17	0.0	-0.9481835851445418	-0.9481835851445418	0.0
NCP	sigma	17	0.1	-0.8822245636194435	-0.8822245636194435	0.0
NCP	sigma	17	0.2	-0.42423828115723133	-0.42423828115723133	0.0
NCP	sigma	17	0.3	-0.05307056464411337	-0.05307056464411337	0.0
NCP	sigma	17	0.4	-0.005103302048781525	-0.005103302048781525	0.0
NCP	sigma	17	0.5	-0.0009673416691465269	-0.0009673416691465269	0.0
NCP	sigma	17	0.6	-0.0007299394754796461	-0.0007299394754796461	0.0
NCP	sigma	17	0.7	-0.0007765034252367584	-0.0007765034252367584	0.0
NCP	sigma	17	0.8	-0.0008149563363098396	-0.0008149563363098396	0.0
NCP	sigma	17	0.9	-0.0008304305858494326	-0.0008304305858494326	0.0
NCP	sigma	17	1.0	-0.0008282136543779633	-0.0008282136543779633	0.0
NCP	sigma	18	0.0	-0.955910719125574	-0.955910719125574	0.0
NCP	sigma	18	0.1	-0.8409914509438589	-0.8409914509438589	0.0
NCP	sigma	18	0.2	-0.2752513309463277	-0.2752513309463277	0.0
NCP	sigma	18	0.3	-0.02229746644037888	-0.02229746644037888	0.0
NCP	sigma	18	0.4	-0.0008985325279675046	-0.0008985325279675046	0.0
NCP	sigma	18	0.5	0.0008089951546760912	0.0008089951546760912	0.0
NCP	sigma	18	0.6	0.0011330894854745114	0.0011330894854745114	0.0
NCP	sigma	18	0.7	0.001292369570880023	0.001292369570880023	0.0
NCP	sigma	18	0.8	0.0013813213768632698	0.0013813213768632698	0.0
NCP	sigma	18	0.9	0.0014223325762504546	0.0014223325762504546	0.0
NCP	sigma	18	1.0	0.0014296107563034994	0.0014296107563034994	0.0
NCP	sigma	19	0.0	-0.9718852657405754	-0.9718852657405754	0.0
NCP	sigma	19	0.1	-0.8166545604679285	-0.8166545604679285	0.0
NCP	sigma	19	0.2	-0.21130691661365072	-0.21130691661365072	0.0
NCP	sigma	19	0.3	-0.011686310333631572	-0.011686310333631572	0.0
NCP	sigma	19	0.4	0.0003915868252516107	0.0003915868252516107	0.0
NCP	sigma	19	0.5	0.0012700169706456803	0.0012700169706456803	0.0
NCP	sigma	19	0.6	0.0015447924174475365	0.0015447924174475365	0.0
NCP	sigma	19	0.7	0.0017101913961013611	0.0017101913961013611	0.0
NCP	sigma	19	0.8	0.0018029491111650748	0.0018029491111650748	0.0
NCP	sigma	19	0.9	0.0018420235875858018	0.0018420235875858018	0.0
NCP	sigma	19	1.0	0.0018429888088088914	0.0018429888088088914	0.0
NCP	sigma	20	0.0	-0.9851750814346799	-0.9851750814346799	0.0
NCP	sigma	20	0.1	-0.780735984532098	-0.780735984532098	0.0
NCP	sigma	20	0.2	-0.1264335443304489	-0.1264335443304489	0.0
NCP	sigma	20	0.3	-0.0047885754293844505	-0.0047885754293844505	0.0
NCP	sigma	20	0.4	-5.715032110908578e-5	-5.715032110908578e-5	0.0
NCP	sigma	20	0.5	0.00021335813184177776	0.00021335813184177776	0.0
NCP	sigma	20	0.6	0.00033802505200042094	0.00033802505200042094	0.0
NCP	sigma	20	0.7	0.00043569636371091697	0.00043569636371091697	0.0
NCP	sigma	20	0.8	0.0005075004737438687	0.0005075004737438687	0.0
NCP	sigma	20	0.9	0.0005567668129907704	0.0005567668129907704	0.0
NCP	sigma	20	1.0	0.0005881558113033792	0.0005881558113033792	0.0
Post-hoc	mu	1	0.0	-0.0491111204639288	-0.04911112046392913	3.3306690738754696e-16
Post-hoc	mu	1	0.1	-0.05407656730583769	-0.05407656730583795	2.636779683484747e-16
Post-hoc	mu	1	0.2	-0.05944417159250955	-0.05944417159250994	3.885780586188048e-16
Post-hoc	mu	1	0.3	-0.06521419932777818	-0.06521419932777825	6.938893903907228e-17
Post-hoc	mu	1	0.4	-0.07135086143231224	-0.07135086143231231	6.938893903907228e-17
Post-hoc	mu	1	0.5	-0.07775639458384011	-0.07775639458384002	8.326672684688674e-17
Post-hoc	mu	1	0.6	-0.08423649410406973	-0.08423649410406961	1.249000902703301e-16
Post-hoc	mu	1	0.7	-0.0904640587779925	-0.0904640587779924	9.71445146547012e-17
Post-hoc	mu	1	0.8	-0.09596172399324727	-0.09596172399324711	1.6653345369377348e-16
Post-hoc	mu	1	0.9	-0.10013893036272756	-0.10013893036272746	9.71445146547012e-17
Post-hoc	mu	1	1.0	-0.10241529541771305	-0.10241529541771319	1.3877787807814457e-16
Post-hoc	mu	2	0.0	-0.03935505696338993	-0.039355056963390166	2.3592239273284576e-16
Post-hoc	mu	2	0.1	-0.04212553761455718	-0.042125537614557375	1.942890293094024e-16
Post-hoc	mu	2	0.2	-0.044930274178645375	-0.04493027417864548	1.0408340855860843e-16
Post-hoc	mu	2	0.3	-0.047721989180450744	-0.0477219891804512	4.579669976578771e-16
Post-hoc	mu	2	0.4	-0.050435432123149736	-0.05043543212314984	1.0408340855860843e-16
Post-hoc	mu	2	0.5	-0.052985749578568074	-0.05298574957856826	1.8735013540549517e-16
Post-hoc	mu	2	0.6	-0.05526984052233949	-0.05526984052233993	4.371503159461554e-16
Post-hoc	mu	2	0.7	-0.057172447310677346	-0.05717244731067755	2.0122792321330962e-16
Post-hoc	mu	2	0.8	-0.05857805522496975	-0.05857805522497006	3.122502256758253e-16
Post-hoc	mu	2	0.9	-0.05938777086803806	-0.05938777086803834	2.8449465006019636e-16
Post-hoc	mu	2	1.0	-0.059537585966375185	-0.05953758596637524	5.551115123125783e-17
Post-hoc	mu	3	0.0	-0.05507538451759615	-0.055075384517596075	7.632783294297951e-17
Post-hoc	mu	3	0.1	-0.056567472327280176	-0.056567472327280086	9.020562075079397e-17
Post-hoc	mu	3	0.2	-0.05785623585618982	-0.05785623585618969	1.3183898417423734e-16
Post-hoc	mu	3	0.3	-0.05891872568503228	-0.0589187256850323	2.0816681711721685e-17
Post-hoc	mu	3	0.4	-0.05973478574513681	-0.05973478574513687	5.551115123125783e-17
Post-hoc	mu	3	0.5	-0.060287713869658914	-0.06028771386965921	2.983724378680108e-16
Post-hoc	mu	3	0.6	-0.06056484853064959	-0.060564848530649765	1.734723475976807e-16
Post-hoc	mu	3	0.7	-0.06055804543226711	-0.06055804543226721	1.0408340855860843e-16
Post-hoc	mu	3	0.8	-0.06026401133257439	-0.060264011332574544	1.5265566588595902e-16
Post-hoc	mu	3	0.9	-0.059684469777167945	-0.05968446977716794	6.938893903907228e-18
Post-hoc	mu	3	1.0	-0.05882614383744301	-0.05882614383744281	2.0122792321330962e-16
Post-hoc	mu	4	0.0	-0.05998201376095931	-0.059982013760959144	1.6653345369377348e-16
Post-hoc	mu	4	0.1	-0.06323849859845063	-0.06323849859845061	1.3877787807814457e-17
Post-hoc	mu	4	0.2	-0.06638796227754021	-0.06638796227754011	9.71445146547012e-17
Post-hoc	mu	4	0.3	-0.0693453984932823	-0.0693453984932819	4.0245584642661925e-16
Post-hoc	mu	4	0.4	-0.07201222231564498	-0.07201222231564497	1.3877787807814457e-17
Post-hoc	mu	4	0.5	-0.07428070661864009	-0.07428070661863999	9.71445146547012e-17
Post-hoc	mu	4	0.6	-0.07604182029005697	-0.07604182029005709	1.1102230246251565e-16
Post-hoc	mu	4	0.7	-0.07719620138894016	-0.07719620138894005	1.1102230246251565e-16
Post-hoc	mu	4	0.8	-0.07766679709108767	-0.07766679709108755	1.249000902703301e-16
Post-hoc	mu	4	0.9	-0.07741053034982946	-0.07741053034982953	6.938893903907228e-17
Post-hoc	mu	4	1.0	-0.0764258863904341	-0.07642588639043418	8.326672684688674e-17
Post-hoc	mu	5	0.0	-0.05840882901029839	-0.058408829010298605	2.1510571102112408e-16
Post-hoc	mu	5	0.1	-0.05977218962133171	-0.059772189621331594	1.1796119636642288e-16
Post-hoc	mu	5	0.2	-0.06096003281349341	-0.06096003281349365	2.42861286636753e-16
Post-hoc	mu	5	0.3	-0.06195738428302783	-0.06195738428302791	8.326672684688674e-17
Post-hoc	mu	5	0.4	-0.06275130161046674	-0.06275130161046684	9.71445146547012e-17
Post-hoc	mu	5	0.5	-0.06333129663701781	-0.06333129663701788	6.938893903907228e-17
Post-hoc	mu	5	0.6	-0.06368970299256502	-0.06368970299256486	1.5265566588595902e-16
Post-hoc	mu	5	0.7	-0.06382196458186476	-0.06382196458186484	8.326672684688674e-17
Post-hoc	mu	5	0.8	-0.06372682445016924	-0.06372682445016913	1.1102230246251565e-16
Post-hoc	mu	5	0.9	-0.06340639937879222	-0.06340639937879254	3.191891195797325e-16
Post-hoc	mu	5	1.0	-0.06286613325648838	-0.0628661332564882	1.8041124150158794e-16
Post-hoc	mu	6	0.0	-0.029886615745896874	-0.029886615745896537	3.365363543395006e-16
Post-hoc	mu	6	0.1	-0.03129669389385132	-0.03129669389385087	4.510281037539698e-16
Post-hoc	mu	6	0.2	-0.03260301310278366	-0.032603013102783185	4.718447854656915e-16
Post-hoc	mu	6	0.3	-0.033775541618793786	-0.033775541618793564	2.220446049250313e-16
Post-hoc	mu	6	0.4	-0.03478367949666489	-0.03478367949666465	2.3592239273284576e-16
Post-hoc	mu	6	0.5	-0.03559761889709092	-0.03559761889709058	3.400058012914542e-16
Post-hoc	mu	6	0.6	-0.03618997917503068	-0.036189979175030335	3.469446951953614e-16
Post-hoc	mu	6	0.7	-0.03653759136900075	-0.036537591369000685	6.245004513516506e-17
Post-hoc	mu	6	0.8	-0.03662324208173073	-0.03662324208173037	3.5388358909926865e-16
Post-hoc	mu	6	0.9	-0.036437146353093336	-0.03643714635309296	3.7470027081099033e-16
Post-hoc	mu	6	1.0	-0.035977922603084474	-0.03597792260308421	2.636779683484747e-16
Post-hoc	mu	7	0.0	-0.030651486238968025	-0.03065148623896791	1.1449174941446927e-16
Post-hoc	mu	7	0.1	-0.03129348083616366	-0.0312934808361636	5.551115123125783e-17
Post-hoc	mu	7	0.2	-0.03185109235441121	-0.0318510923544111	1.1102230246251565e-16
Post-hoc	mu	7	0.3	-0.03231500960293424	-0.03231500960293414	1.0408340855860843e-16
Post-hoc	mu	7	0.4	-0.03267678670993226	-0.032676786709932126	1.3183898417423734e-16
Post-hoc	mu	7	0.5	-0.03292911289045869	-0.03292911289045848	2.0816681711721685e-16
Post-hoc	mu	7	0.6	-0.033066065022280475	-0.033066065022280565	9.020562075079397e-17
Post-hoc	mu	7	0.7	-0.03308332733631359	-0.03308332733631357	2.0816681711721685e-17
Post-hoc	mu	7	0.8	-0.03297836321196953	-0.03297836321196951	2.0816681711721685e-17
Post-hoc	mu	7	0.9	-0.03275052637713042	-0.03275052637713021	2.0816681711721685e-16
Post-hoc	mu	7	1.0	-0.032401102634230745	-0.03240110263423064	1.0408340855860843e-16
Post-hoc	mu	8	0.0	-0.05107842174950118	-0.05107842174950107	1.1102230246251565e-16
Post-hoc	mu	8	0.1	-0.05231489136501541	-0.052314891365015395	1.3877787807814457e-17
Post-hoc	mu	8	0.2	-0.05339738766158203	-0.053397387661582224	1.942890293094024e-16
Post-hoc	mu	8	0.3	-0.05431435513046017	-0.054314355130460214	4.163336342344337e-17
Post-hoc	mu	8	0.4	-0.05505587018406998	-0.05505587018407006	7.632783294297951e-17
Post-hoc	mu	8	0.5	-0.05561391413251315	-0.055613914132513285	1.3877787807814457e-16
Post-hoc	mu	8	0.6	-0.055982606470966784	-0.055982606470966784	0.0
Post-hoc	mu	8	0.7	-0.056158385324336486	-0.05615838532433676	2.706168622523819e-16
Post-hoc	mu	8	0.8	-0.05614012414667343	-0.05614012414667324	1.8735013540549517e-16
Post-hoc	mu	8	0.9	-0.05592917708521342	-0.05592917708521359	1.6653345369377348e-16
Post-hoc	mu	8	1.0	-0.05552934951821342	-0.055529349518213235	1.8735013540549517e-16
Post-hoc	mu	9	0.0	-0.060017191356493395	-0.060017191356493325	6.938893903907228e-17
Post-hoc	mu	9	0.1	-0.0625680226210738	-0.06256802262107354	2.636779683484747e-16
Post-hoc	mu	9	0.2	-0.06490505554264228	-0.06490505554264242	1.3877787807814457e-16
Post-hoc	mu	9	0.3	-0.06698853328167773	-0.06698853328167752	2.0816681711721685e-16
Post-hoc	mu	9	0.4	-0.06878083768824464	-0.06878083768824474	9.71445146547012e-17
Post-hoc	mu	9	0.5	-0.07024836465198024	-0.07024836465198003	2.0816681711721685e-16
Post-hoc	mu	9	0.6	-0.07136339280803482	-0.07136339280803443	3.885780586188048e-16
Post-hoc	mu	9	0.7	-0.0721057503326598	-0.07210575033265963	1.6653345369377348e-16
Post-hoc	mu	9	0.8	-0.07246408331960492	-0.07246408331960501	8.326672684688674e-17
Post-hoc	mu	9	0.9	-0.07243656464892874	-0.07243656464892889	1.5265566588595902e-16
Post-hoc	mu	9	1.0	-0.07203095093483101	-0.07203095093483088	1.3877787807814457e-16
Post-hoc	mu	10	0.0	-0.0573146088205544	-0.057314608820554835	4.371503159461554e-16
Post-hoc	mu	10	0.1	-0.05792340738071959	-0.057923407380719924	3.3306690738754696e-16
Post-hoc	mu	10	0.2	-0.05842694361558402	-0.05842694361558453	5.065392549852277e-16
Post-hoc	mu	10	0.3	-0.058822049810142794	-0.058822049810143016	2.220446049250313e-16
Post-hoc	mu	10	0.4	-0.0591061380278426	-0.059106138027843015	4.163336342344337e-16
Post-hoc	mu	10	0.5	-0.05927722695181808	-0.05927722695181841	3.3306690738754696e-16
Post-hoc	mu	10	0.6	-0.05933396335947632	-0.05933396335947696	6.38378239159465e-16
Post-hoc	mu	10	0.7	-0.05927563800388231	-0.05927563800388265	3.400058012914542e-16
Post-hoc	mu	10	0.8	-0.05910219573033272	-0.05910219573033297	2.498001805406602e-16
Post-hoc	mu	10	0.9	-0.058814239711919715	-0.05881423971192009	3.7470027081099033e-16
Post-hoc	mu	10	1.0	-0.058413029743576095	-0.058413029743576504	4.0939474033052647e-16
Post-hoc	mu	11	0.0	-0.07835449656786697	-0.07835449656786704	6.938893903907228e-17
Post-hoc	mu	11	0.1	-0.08085190675243994	-0.08085190675243983	1.1102230246251565e-16
Post-hoc	mu	11	0.2	-0.08306112600020504	-0.0830611260002053	2.498001805406602e-16
Post-hoc	mu	11	0.3	-0.0849357150900917	-0.08493571509009194	2.3592239273284576e-16
Post-hoc	mu	11	0.4	-0.08643431344592362	-0.0864343134459241	4.85722573273506e-16
Post-hoc	mu	11	0.5	-0.0875232732392183	-0.08752327323921809	2.0816681711721685e-16
Post-hoc	mu	11	0.6	-0.08817897820353815	-0.08817897820353815	0.0
Post-hoc	mu	11	0.7	-0.08838953739188636	-0.08838953739188672	3.608224830031759e-16
Post-hoc	mu	11	0.8	-0.08815561125698154	-0.08815561125698133	2.0816681711721685e-16
Post-hoc	mu	11	0.9	-0.08749025117341157	-0.08749025117341136	2.0816681711721685e-16
Post-hoc	mu	11	1.0	-0.08641778579580867	-0.08641778579580861	5.551115123125783e-17
Post-hoc	mu	12	0.0	-0.08010497131356564	-0.08010497131356555	9.71445146547012e-17
Post-hoc	mu	12	0.1	-0.08179303899108444	-0.08179303899108434	9.71445146547012e-17
Post-hoc	mu	12	0.2	-0.08323698331487067	-0.08323698331487069	1.3877787807814457e-17
Post-hoc	mu	12	0.3	-0.08442394806235166	-0.0844239480623516	6.938893903907228e-17
Post-hoc	mu	12	0.4	-0.08534383645677668	-0.08534383645677668	0.0
Post-hoc	mu	12	0.5	-0.08598949777833655	-0.08598949777833659	4.163336342344337e-17
Post-hoc	mu	12	0.6	-0.08635684499391183	-0.08635684499391201	1.8041124150158794e-16
Post-hoc	mu	12	0.7	-0.08644489990447314	-0.08644489990447318	4.163336342344337e-17
Post-hoc	mu	12	0.8	-0.08625576544855781	-0.08625576544855795	1.3877787807814457e-16
Post-hoc	mu	12	0.9	-0.08579452787411304	-0.08579452787411244	5.967448757360216e-16
Post-hoc	mu	12	1.0	-0.08506909428127322	-0.08506909428127347	2.498001805406602e-16
Post-hoc	mu	13	0.0	-0.11141389012395109	-0.11141389012395173	6.38378239159465e-16
Post-hoc	mu	13	0.1	-0.11443366988037115	-0.11443366988037187	7.216449660063518e-16
Post-hoc	mu	13	0.2	-0.11702090757525174	-0.11702090757525233	5.828670879282072e-16
Post-hoc	mu	13	0.3	-0.11913446673414559	-0.11913446673414584	2.498001805406602e-16
Post-hoc	mu	13	0.4	-0.12074060823026797	-0.12074060823026858	6.106226635438361e-16
Post-hoc	mu	13	0.5	-0.12181410199150751	-0.12181410199150826	7.494005416219807e-16
Post-hoc	mu	13	0.6	-0.12233899262215576	-0.12233899262215663	8.604228440844963e-16
Post-hoc	mu	13	0.7	-0.12230897457045904	-0.12230897457045917	1.249000902703301e-16
Post-hoc	mu	13	0.8	-0.12172736442465192	-0.12172736442465232	4.0245584642661925e-16
Post-hoc	mu	13	0.9	-0.12060669012881205	-0.12060669012881255	4.996003610813204e-16
Post-hoc	mu	13	1.0	-0.11896794512425395	-0.11896794512425447	5.273559366969494e-16
Post-hoc	mu	14	0.0	-0.12001417172411816	-0.12001417172411795	2.0816681711721685e-16
Post-hoc	mu	14	0.1	-0.12377138174957494	-0.12377138174957486	8.326672684688674e-17
Post-hoc	mu	14	0.2	-0.12699040614017715	-0.12699040614017687	2.7755575615628914e-16
Post-hoc	mu	14	0.3	-0.12962227159670447	-0.12962227159670403	4.440892098500626e-16
Post-hoc	mu	14	0.4	-0.13162723421239095	-0.1316272342123905	4.440892098500626e-16
Post-hoc	mu	14	0.5	-0.1329757996806115	-0.13297579968061063	8.604228440844963e-16
Post-hoc	mu	14	0.6	-0.13364940131568923	-0.13364940131568848	7.494005416219807e-16
Post-hoc	mu	14	0.7	-0.1336407182386675	-0.13364071823866688	6.106226635438361e-16
Post-hoc	mu	14	0.8	-0.13295363564952647	-0.1329536356495259	5.828670879282072e-16
Post-hoc	mu	14	0.9	-0.1316028670162079	-0.13160286701620735	5.551115123125783e-16
Post-hoc	mu	14	1.0	-0.12961327298179995	-0.12961327298179956	3.885780586188048e-16
Post-hoc	mu	15	0.0	-0.1049390249138893	-0.10493902491388979	4.85722573273506e-16
Post-hoc	mu	15	0.1	-0.10883870139997665	-0.10883870139997721	5.689893001203927e-16
Post-hoc	mu	15	0.2	-0.11215022842703003	-0.11215022842703061	5.828670879282072e-16
Post-hoc	mu	15	0.3	-0.11481591471707693	-0.11481591471707743	4.996003610813204e-16
Post-hoc	mu	15	0.4	-0.11678895951236798	-0.11678895951236805	6.938893903907228e-17
Post-hoc	mu	15	0.5	-0.11803479916568062	-0.11803479916568085	2.3592239273284576e-16
Post-hoc	mu	15	0.6	-0.11853209651453955	-0.1185320965145401	5.412337245047638e-16
Post-hoc	mu	15	0.7	-0.11827333555091134	-0.11827333555091185	5.134781488891349e-16
Post-hoc	mu	15	0.8	-0.11726499981989558	-0.117264999819896	4.163336342344337e-16
Post-hoc	mu	15	0.9	-0.11552732999720008	-0.11552732999720046	3.7470027081099033e-16
Post-hoc	mu	15	1.0	-0.1130936733615267	-0.1130936733615272	4.996003610813204e-16
Post-hoc	mu	16	0.0	-0.14404556140901376	-0.14404556140901353	2.220446049250313e-16
Post-hoc	mu	16	0.1	-0.15187714430702756	-0.15187714430702715	4.163336342344337e-16
Post-hoc	mu	16	0.2	-0.15873200710112859	-0.15873200710112892	3.3306690738754696e-16
Post-hoc	mu	16	0.3	-0.16445322149863653	-0.16445322149863661	8.326672684688674e-17
Post-hoc	mu	16	0.4	-0.1689072339840233	-0.16890723398402308	2.220446049250313e-16
Post-hoc	mu	16	0.5	-0.17198875526569007	-0.17198875526569032	2.498001805406602e-16
Post-hoc	mu	16	0.6	-0.1736245000665155	-0.17362450006651547	2.7755575615628914e-17
Post-hoc	mu	16	0.7	-0.17377562289865656	-0.17377562289865667	1.1102230246251565e-16
Post-hoc	mu	16	0.8	-0.17243877497815663	-0.1724387749781565	1.3877787807814457e-16
Post-hoc	mu	16	0.9	-0.16964578481218903	-0.16964578481218906	2.7755575615628914e-17
Post-hoc	mu	16	1.0	-0.16546203559740844	-0.16546203559740902	5.828670879282072e-16
Post-hoc	mu	17	0.0	-0.1859583463000195	-0.18595834630001928	2.220446049250313e-16
Post-hoc	mu	17	0.1	-0.19880039620058265	-0.1988003962005822	4.440892098500626e-16
Post-hoc	mu	17	0.2	-0.20998835988736025	-0.20998835988735975	4.996003610813204e-16
Post-hoc	mu	17	0.3	-0.21913913253840359	-0.2191391325384031	4.996003610813204e-16
Post-hoc	mu	17	0.4	-0.2259345412123873	-0.22593454121238676	5.273559366969494e-16
Post-hoc	mu	17	0.5	-0.23013983032827642	-0.2301398303282758	6.106226635438361e-16
Post-hoc	mu	17	0.6	-0.23161552321289092	-0.2316155232128907	2.220446049250313e-16
Post-hoc	mu	17	0.7	-0.23032193962159095	-0.23032193962159106	1.1102230246251565e-16
Post-hoc	mu	17	0.8	-0.22631666121189828	-0.2263166612118976	6.661338147750939e-16
Post-hoc	mu	17	0.9	-0.21974605456834317	-0.21974605456834287	3.0531133177191805e-16
Post-hoc	mu	17	1.0	-0.21083246461132477	-0.21083246461132404	7.216449660063518e-16
Post-hoc	mu	18	0.0	-0.22060979119343918	-0.22060979119343946	2.7755575615628914e-16
Post-hoc	mu	18	0.1	-0.23738789459652243	-0.23738789459652218	2.498001805406602e-16
Post-hoc	mu	18	0.2	-0.25199790671895234	-0.2519979067189519	4.440892098500626e-16
Post-hoc	mu	18	0.3	-0.2638611799607351	-0.26386117996073544	3.3306690738754696e-16
Post-hoc	mu	18	0.4	-0.27246812247644714	-0.2724681224764467	4.440892098500626e-16
Post-hoc	mu	18	0.5	-0.27740903956612906	-0.277409039566129	5.551115123125783e-17
Post-hoc	mu	18	0.6	-0.27839983463176826	-0.278399834631768	2.7755575615628914e-16
Post-hoc	mu	18	0.7	-0.27530051224629665	-0.27530051224629704	3.885780586188048e-16
Post-hoc	mu	18	0.8	-0.268125374407716	-0.2681253744077152	7.771561172376096e-16
Post-hoc	mu	18	0.9	-0.25704497073224597	-0.2570449707322456	3.885780586188048e-16
Post-hoc	mu	18	1.0	-0.2423810102616166	-0.24238101026161635	2.498001805406602e-16
Post-hoc	mu	19	0.0	-0.2180128101611237	-0.21801281016112423	5.273559366969494e-16
Post-hoc	mu	19	0.1	-0.24178295270383904	-0.24178295270383926	2.220446049250313e-16
Post-hoc	mu	19	0.2	-0.2629032862020808	-0.26290328620208137	5.551115123125783e-16
Post-hoc	mu	19	0.3	-0.28027871406036803	-0.28027871406036853	4.996003610813204e-16
Post-hoc	mu	19	0.4	-0.29293360408924213	-0.2929336040892426	4.996003610813204e-16
Post-hoc	mu	19	0.5	-0.30009157693204735	-0.3000915769320483	9.43689570931383e-16
Post-hoc	mu	19	0.6	-0.30124179263309114	-0.3012417926330918	6.661338147750939e-16
Post-hoc	mu	19	0.7	-0.296185599692076	-0.2961855996920766	6.106226635438361e-16
Post-hoc	mu	19	0.8	-0.28506042133338483	-0.28506042133338555	7.216449660063518e-16
Post-hoc	mu	19	0.9	-0.2683407341303585	-0.2683407341303592	6.661338147750939e-16
Post-hoc	mu	19	1.0	-0.24681791990088506	-0.24681791990088606	9.992007221626409e-16
Post-hoc	mu	20	0.0	-0.221040657613422	-0.2210406576134217	3.0531133177191805e-16
Post-hoc	mu	20	0.1	-0.25007881403346416	-0.250078814033464	1.6653345369377348e-16
Post-hoc	mu	20	0.2	-0.2756600602617814	-0.275660060261781	3.885780586188048e-16
Post-hoc	mu	20	0.3	-0.2960139457942905	-0.29601394579429036	1.6653345369377348e-16
Post-hoc	mu	20	0.4	-0.309561951530252	-0.30956195153025134	6.661338147750939e-16
Post-hoc	mu	20	0.5	-0.3150678391086623	-0.31506783910866293	6.106226635438361e-16
Post-hoc	mu	20	0.6	-0.3117663508032535	-0.31176635080325277	7.216449660063518e-16
Post-hoc	mu	20	0.7	-0.2994692768430583	-0.2994692768430579	3.885780586188048e-16
Post-hoc	mu	20	0.8	-0.2786522756253372	-0.2786522756253368	3.885780586188048e-16
Post-hoc	mu	20	0.9	-0.25051680546667354	-0.25051680546667354	0.0
Post-hoc	mu	20	1.0	-0.21699346710946799	-0.2169934671094677	2.7755575615628914e-16
Post-hoc	sigma	1	0.0	-0.09321646227904662	-0.09321646227904662	0.0
Post-hoc	sigma	1	0.1	-0.10967179778070607	-0.10967179778070592	1.5265566588595902e-16
Post-hoc	sigma	1	0.2	-0.1292780473808298	-0.1292780473808298	0.0
Post-hoc	sigma	1	0.3	-0.15306546219144151	-0.15306546219144138	1.3877787807814457e-16
Post-hoc	sigma	1	0.4	-0.1825337913490575	-0.1825337913490573	1.942890293094024e-16
Post-hoc	sigma	1	0.5	-0.21983136262400654	-0.21983136262400674	1.942890293094024e-16
Post-hoc	sigma	1	0.6	-0.26777110315977654	-0.2677711031597765	5.551115123125783e-17
Post-hoc	sigma	1	0.7	-0.32876508248082875	-0.32876508248082875	0.0
Post-hoc	sigma	1	0.8	-0.3994750340579881	-0.3994750340579881	0.0
Post-hoc	sigma	1	0.9	-0.4571006890971936	-0.45710068909719337	2.220446049250313e-16
Post-hoc	sigma	1	1.0	-0.46043066968781166	-0.46043066968781143	2.220446049250313e-16
Post-hoc	sigma	2	0.0	-0.17194748644697788	-0.17194748644697774	1.3877787807814457e-16
Post-hoc	sigma	2	0.1	-0.18893665293979234	-0.18893665293979253	1.942890293094024e-16
Post-hoc	sigma	2	0.2	-0.2061762234266637	-0.20617622342666417	4.718447854656915e-16
Post-hoc	sigma	2	0.3	-0.22341015400902284	-0.2234101540090228	2.7755575615628914e-17
Post-hoc	sigma	2	0.4	-0.24031702201589508	-0.24031702201589536	2.7755575615628914e-16
Post-hoc	sigma	2	0.5	-0.2565027833352026	-0.25650278333520315	5.551115123125783e-16
Post-hoc	sigma	2	0.6	-0.27149960716760796	-0.2714996071676077	2.7755575615628914e-16
Post-hoc	sigma	2	0.7	-0.2847755440862539	-0.28477554408625366	2.220446049250313e-16
Post-hoc	sigma	2	0.8	-0.2957600433833602	-0.2957600433833605	2.7755575615628914e-16
Post-hoc	sigma	2	0.9	-0.30388855245655716	-0.30388855245655744	2.7755575615628914e-16
Post-hoc	sigma	2	1.0	-0.3086646774750739	-0.30866467747507376	1.6653345369377348e-16
Post-hoc	sigma	3	0.0	-0.1693358483711672	-0.1693358483711674	2.220446049250313e-16
Post-hoc	sigma	3	0.1	-0.1854691133470575	-0.1854691133470579	3.885780586188048e-16
Post-hoc	sigma	3	0.2	-0.20258360948255483	-0.20258360948255524	4.163336342344337e-16
Post-hoc	sigma	3	0.3	-0.22035915387960683	-0.22035915387960692	8.326672684688674e-17
Post-hoc	sigma	3	0.4	-0.23820641291023276	-0.23820641291023287	1.1102230246251565e-16
Post-hoc	sigma	3	0.5	-0.25517075601977385	-0.2551707560197744	5.551115123125783e-16
Post-hoc	sigma	3	0.6	-0.26988648685574906	-0.269886486855749	5.551115123125783e-17
Post-hoc	sigma	3	0.7	-0.28067697771751976	-0.2806769777175192	5.551115123125783e-16
Post-hoc	sigma	3	0.8	-0.28589001849171825	-0.285890018491719	7.771561172376096e-16
Post-hoc	sigma	3	0.9	-0.28442784911565044	-0.28442784911565067	2.220446049250313e-16
Post-hoc	sigma	3	1.0	-0.2762113396418938	-0.27621133964189387	5.551115123125783e-17
Post-hoc	sigma	4	0.0	-0.19193738992391143	-0.19193738992391163	1.942890293094024e-16
Post-hoc	sigma	4	0.1	-0.19871532279755688	-0.19871532279755683	5.551115123125783e-17
Post-hoc	sigma	4	0.2	-0.20479858961086556	-0.20479858961086542	1.3877787807814457e-16
Post-hoc	sigma	4	0.3	-0.2101123264551561	-0.2101123264551558	3.0531133177191805e-16
Post-hoc	sigma	4	0.4	-0.21459000481720164	-0.21459000481720147	1.6653345369377348e-16
Post-hoc	sigma	4	0.5	-0.2181747674769028	-0.2181747674769027	8.326672684688674e-17
Post-hoc	sigma	4	0.6	-0.22082059707887955	-0.22082059707887924	3.0531133177191805e-16
Post-hoc	sigma	4	0.7	-0.22249328001767624	-0.22249328001767618	5.551115123125783e-17
Post-hoc	sigma	4	0.8	-0.22317113362180022	-0.22317113362180024	2.7755575615628914e-17
Post-hoc	sigma	4	0.9	-0.22284547184380718	-0.22284547184380754	3.608224830031759e-16
Post-hoc	sigma	4	1.0	-0.22152079334301675	-0.22152079334301664	1.1102230246251565e-16
Post-hoc	sigma	5	0.0	-0.20126188139123039	-0.20126188139123063	2.498001805406602e-16
Post-hoc	sigma	5	0.1	-0.20631955984079633	-0.20631955984079628	5.551115123125783e-17
Post-hoc	sigma	5	0.2	-0.21071635557598384	-0.21071635557598378	5.551115123125783e-17
Post-hoc	sigma	5	0.3	-0.21441126322114692	-0.2144112632211469	2.7755575615628914e-17
Post-hoc	sigma	5	0.4	-0.21736961585884063	-0.2173696158588407	8.326672684688674e-17
Post-hoc	sigma	5	0.5	-0.21956348826071118	-0.21956348826071123	5.551115123125783e-17
Post-hoc	sigma	5	0.6	-0.22097202657617349	-0.22097202657617354	5.551115123125783e-17
Post-hoc	sigma	5	0.7	-0.22158170328317006	-0.22158170328317023	1.6653345369377348e-16
Post-hoc	sigma	5	0.8	-0.22138649576245217	-0.22138649576245223	5.551115123125783e-17
Post-hoc	sigma	5	0.9	-0.22038798634641912	-0.22038798634641896	1.6653345369377348e-16
Post-hoc	sigma	5	1.0	-0.21859538120096475	-0.21859538120096467	8.326672684688674e-17
Post-hoc	sigma	6	0.0	-0.2744629365929475	-0.2744629365929477	1.6653345369377348e-16
Post-hoc	sigma	6	0.1	-0.2804408632181721	-0.28044086321817213	5.551115123125783e-17
Post-hoc	sigma	6	0.2	-0.28525354804858877	-0.28525354804858905	2.7755575615628914e-16
Post-hoc	sigma	6	0.3	-0.2888475200725001	-0.2888475200725002	1.1102230246251565e-16
Post-hoc	sigma	6	0.4	-0.2911829572602647	-0.2911829572602647	0.0
Post-hoc	sigma	6	0.5	-0.2922346828423405	-0.29223468284234	4.996003610813204e-16
Post-hoc	sigma	6	0.6	-0.29199284957478655	-0.2919928495747866	5.551115123125783e-17
Post-hoc	sigma	6	0.7	-0.2904632748207591	-0.2904632748207591	0.0
Post-hoc	sigma	6	0.8	-0.28766740477548963	-0.28766740477548974	1.1102230246251565e-16
Post-hoc	sigma	6	0.9	-0.2836419031106382	-0.283641903110638	1.6653345369377348e-16
Post-hoc	sigma	6	1.0	-0.278437876607312	-0.27843787660731184	1.6653345369377348e-16
Post-hoc	sigma	7	0.0	-0.2548850676154734	-0.25488506761547325	1.6653345369377348e-16
Post-hoc	sigma	7	0.1	-0.2652586551716567	-0.2652586551716567	0.0
Post-hoc	sigma	7	0.2	-0.27428506850142836	-0.2742850685014279	4.440892098500626e-16
Post-hoc	sigma	7	0.3	-0.281826177027789	-0.28182617702778934	3.3306690738754696e-16
Post-hoc	sigma	7	0.4	-0.28776970438366484	-0.28776970438366495	1.1102230246251565e-16
Post-hoc	sigma	7	0.5	-0.29203231971797816	-0.2920323197179777	4.440892098500626e-16
Post-hoc	sigma	7	0.6	-0.2945610340481644	-0.29456103404816436	5.551115123125783e-17
Post-hoc	sigma	7	0.7	-0.2953326603727876	-0.29533266037278777	1.6653345369377348e-16
Post-hoc	sigma	7	0.8	-0.29435113818863795	-0.294351138188638	5.551115123125783e-17
Post-hoc	sigma	7	0.9	-0.29164251162387145	-0.29164251162387134	1.1102230246251565e-16
Post-hoc	sigma	7	1.0	-0.28724726372723147	-0.2872472637272316	1.1102230246251565e-16
Post-hoc	sigma	8	0.0	-0.277155805977437	-0.27715580597743683	1.6653345369377348e-16
Post-hoc	sigma	8	0.1	-0.2935942832693728	-0.29359428326937265	1.6653345369377348e-16
Post-hoc	sigma	8	0.2	-0.30809169292568755	-0.3080916929256879	3.3306690738754696e-16
Post-hoc	sigma	8	0.3	-0.32027539089597057	-0.32027539089597046	1.1102230246251565e-16
Post-hoc	sigma	8	0.4	-0.3298332244668736	-0.32983322446687335	2.220446049250313e-16
Post-hoc	sigma	8	0.5	-0.33652826963822946	-0.3365282696382297	2.220446049250313e-16
Post-hoc	sigma	8	0.6	-0.3402054322590408	-0.34020543225904043	3.885780586188048e-16
Post-hoc	sigma	8	0.7	-0.3407878465690279	-0.34078784656902805	1.6653345369377348e-16
Post-hoc	sigma	8	0.8	-0.33826140750538464	-0.33826140750538464	0.0
Post-hoc	sigma	8	0.9	-0.3326456491706227	-0.3326456491706229	1.6653345369377348e-16
Post-hoc	sigma	8	1.0	-0.323948510619481	-0.323948510619481	0.0
Post-hoc	sigma	9	0.0	-0.48299187153818596	-0.48299187153818596	0.0
Post-hoc	sigma	9	0.1	-0.5062624626873637	-0.5062624626873639	1.1102230246251565e-16
Post-hoc	sigma	9	0.2	-0.5252768879575049	-0.5252768879575054	4.440892098500626e-16
Post-hoc	sigma	9	0.3	-0.5395257958828349	-0.5395257958828349	0.0
Post-hoc	sigma	9	0.4	-0.5484262663752079	-0.5484262663752079	0.0
Post-hoc	sigma	9	0.5	-0.5511507759826889	-0.55115077598269	1.1102230246251565e-15
Post-hoc	sigma	9	0.6	-0.5461460700214997	-0.5461460700214997	0.0
Post-hoc	sigma	9	0.7	-0.5299804813616448	-0.5299804813616442	5.551115123125783e-16
Post-hoc	sigma	9	0.8	-0.49534659394908676	-0.4953465939490866	1.6653345369377348e-16
Post-hoc	sigma	9	0.9	-0.43103095332838653	-0.43103095332838676	2.220446049250313e-16
Post-hoc	sigma	9	1.0	-0.3337238808667895	-0.33372388086678967	1.6653345369377348e-16
Post-hoc	sigma	10	0.0	-0.4477616536115744	-0.4477616536115741	2.7755575615628914e-16
Post-hoc	sigma	10	0.1	-0.4811409805362208	-0.48114098053622095	1.6653345369377348e-16
Post-hoc	sigma	10	0.2	-0.5068235555746283	-0.5068235555746287	3.3306690738754696e-16
Post-hoc	sigma	10	0.3	-0.5229601268481546	-0.5229601268481547	1.1102230246251565e-16
Post-hoc	sigma	10	0.4	-0.5262539943720371	-0.5262539943720375	3.3306690738754696e-16
Post-hoc	sigma	10	0.5	-0.508955318535079	-0.5089553185350788	2.220446049250313e-16
Post-hoc	sigma	10	0.6	-0.454181128260091	-0.45418112826009105	5.551115123125783e-17
Post-hoc	sigma	10	0.7	-0.34698280994197117	-0.3469828099419711	5.551115123125783e-17
Post-hoc	sigma	10	0.8	-0.21785539172760007	-0.21785539172760016	8.326672684688674e-17
Post-hoc	sigma	10	0.9	-0.12002186808543638	-0.12002186808543637	1.3877787807814457e-17
Post-hoc	sigma	10	1.0	-0.0640154106559683	-0.0640154106559683	0.0
Post-hoc	sigma	11	0.0	-0.5930515375551433	-0.5930515375551441	7.771561172376096e-16
Post-hoc	sigma	11	0.1	-0.6382980131357434	-0.6382980131357426	7.771561172376096e-16
Post-hoc	sigma	11	0.2	-0.6680851439493657	-0.6680851439493655	2.220446049250313e-16
Post-hoc	sigma	11	0.3	-0.674284098413171	-0.6742840984131709	1.1102230246251565e-16
Post-hoc	sigma	11	0.4	-0.6340540139765517	-0.6340540139765519	2.220446049250313e-16
Post-hoc	sigma	11	0.5	-0.4995431676255962	-0.4995431676255959	2.7755575615628914e-16
Post-hoc	sigma	11	0.6	-0.28919356230666166	-0.28919356230666177	1.1102230246251565e-16
Post-hoc	sigma	11	0.7	-0.13068145089841698	-0.13068145089841707	8.326672684688674e-17
Post-hoc	sigma	11	0.8	-0.05229767379391625	-0.0522976737939162	4.85722573273506e-17
Post-hoc	sigma	11	0.9	-0.01884314507305639	-0.01884314507305638	1.0408340855860843e-17
Post-hoc	sigma	11	1.0	-0.0052369999903266705	-0.005236999990326671	8.673617379884035e-19
Post-hoc	sigma	12	0.0	-0.6604146108728043	-0.6604146108728041	2.220446049250313e-16
Post-hoc	sigma	12	0.1	-0.7130533102007852	-0.7130533102007851	1.1102230246251565e-16
Post-hoc	sigma	12	0.2	-0.7377906988844898	-0.7377906988844898	0.0
Post-hoc	sigma	12	0.3	-0.7215070419482701	-0.7215070419482698	3.3306690738754696e-16
Post-hoc	sigma	12	0.4	-0.6343525662782459	-0.6343525662782455	3.3306690738754696e-16
Post-hoc	sigma	12	0.5	-0.4348099670726925	-0.43480996707269237	1.1102230246251565e-16
Post-hoc	sigma	12	0.6	-0.20595840663153878	-0.2059584066315389	1.1102230246251565e-16
Post-hoc	sigma	12	0.7	-0.07727221240988455	-0.07727221240988454	1.3877787807814457e-17
Post-hoc	sigma	12	0.8	-0.026921147404329868	-0.026921147404329868	0.0
Post-hoc	sigma	12	0.9	-0.009498689746282936	-0.009498689746282945	8.673617379884035e-18
Post-hoc	sigma	12	1.0	-0.003751280739003779	-0.0037512807390037784	4.336808689942018e-19
Post-hoc	sigma	13	0.0	-0.7151762789057701	-0.7151762789057694	6.661338147750939e-16
Post-hoc	sigma	13	0.1	-0.7735576560489649	-0.773557656048965	1.1102230246251565e-16
Post-hoc	sigma	13	0.2	-0.7827235575467881	-0.7827235575467884	2.220446049250313e-16
Post-hoc	sigma	13	0.3	-0.7153702055078854	-0.7153702055078858	3.3306690738754696e-16
Post-hoc	sigma	13	0.4	-0.5106985789439981	-0.510698578943998	1.1102230246251565e-16
Post-hoc	sigma	13	0.5	-0.22402782712994684	-0.2240278271299468	5.551115123125783e-17
Post-hoc	sigma	13	0.6	-0.06825063727216968	-0.06825063727216968	0.0
Post-hoc	sigma	13	0.7	-0.017479419387605756	-0.01747941938760575	6.938893903907228e-18
Post-hoc	sigma	13	0.8	-0.0033189684313420145	-0.0033189684313420153	8.673617379884035e-19
Post-hoc	sigma	13	0.9	0.00037369983174634244	0.00037369983174634423	1.7889335846010823e-18
Post-hoc	sigma	13	1.0	0.0012582450959183632	0.001258245095918363	2.168404344971009e-19
Post-hoc	sigma	14	0.0	-0.7994084697834728	-0.7994084697834729	1.1102230246251565e-16
Post-hoc	sigma	14	0.1	-0.8216170223184901	-0.8216170223184902	1.1102230246251565e-16
Post-hoc	sigma	14	0.2	-0.7394579978611807	-0.7394579978611804	3.3306690738754696e-16
Post-hoc	sigma	14	0.3	-0.4484263827013491	-0.4484263827013488	2.7755575615628914e-16
Post-hoc	sigma	14	0.4	-0.13308860213109053	-0.1330886021310905	2.7755575615628914e-17
Post-hoc	sigma	14	0.5	-0.028434470353820202	-0.02843447035382021	6.938893903907228e-18
Post-hoc	sigma	14	0.6	-0.004945629257881965	-0.004945629257881963	1.734723475976807e-18
Post-hoc	sigma	14	0.7	-1.728059107886329e-5	-1.7280591078863298e-5	6.776263578034403e-21
Post-hoc	sigma	14	0.8	0.001027642006508861	0.0010276420065088601	8.673617379884035e-19
Post-hoc	sigma	14	0.9	0.0012665735689132542	0.0012665735689132546	4.336808689942018e-19
Post-hoc	sigma	14	1.0	0.0013281564758295804	0.0013281564758295802	2.168404344971009e-19
Post-hoc	sigma	15	0.0	-0.8667098967039377	-0.8667098967039382	4.440892098500626e-16
Post-hoc	sigma	15	0.1	-0.8892607390953898	-0.8892607390953902	3.3306690738754696e-16
Post-hoc	sigma	15	0.2	-0.7140266048110372	-0.7140266048110371	1.1102230246251565e-16
Post-hoc	sigma	15	0.3	-0.2526397283569518	-0.25263972835695186	5.551115123125783e-17
Post-hoc	sigma	15	0.4	-0.04653445919085718	-0.04653445919085722	4.163336342344337e-17
Post-hoc	sigma	15	0.5	-0.007404018197734366	-0.007404018197734369	2.6020852139652106e-18
Post-hoc	sigma	15	0.6	-0.0010020590818289998	-0.0010020590818290004	6.505213034913027e-19
Post-hoc	sigma	15	0.7	2.5129622646126745e-5	2.5129622646126718e-5	2.710505431213761e-20
Post-hoc	sigma	15	0.8	0.00021756978448906166	0.00021756978448906163	2.710505431213761e-20
Post-hoc	sigma	15	0.9	0.000282740742001114	0.0002827407420011141	1.0842021724855044e-19
Post-hoc	sigma	15	1.0	0.0003259550346707101	0.00032595503467071026	1.6263032587282567e-19
Post-hoc	sigma	16	0.0	-0.9009929508749337	-0.900992950874934	3.3306690738754696e-16
Post-hoc	sigma	16	0.1	-0.8683420717960861	-0.8683420717960868	6.661338147750939e-16
Post-hoc	sigma	16	0.2	-0.6091631221941012	-0.6091631221941011	1.1102230246251565e-16
Post-hoc	sigma	16	0.3	-0.1525744267977209	-0.15257442679772085	5.551115123125783e-17
Post-hoc	sigma	16	0.4	-0.022432622343540497	-0.02243262234354049	6.938893903907228e-18
Post-hoc	sigma	16	0.5	-0.006050934223557742	-0.006050934223557742	0.0
Post-hoc	sigma	16	0.6	-0.004109969403596892	-0.004109969403596892	0.0
Post-hoc	sigma	16	0.7	-0.003751733516825387	-0.003751733516825387	0.0
Post-hoc	sigma	16	0.8	-0.003548549655350583	-0.003548549655350583	0.0
Post-hoc	sigma	16	0.9	-0.003359880982008529	-0.003359880982008529	0.0
Post-hoc	sigma	16	1.0	-0.003177392174424214	-0.003177392174424214	0.0
Post-hoc	sigma	17	0.0	-0.9481835851445418	-0.9481835851445418	0.0
Post-hoc	sigma	17	0.1	-0.8822245636194436	-0.8822245636194435	1.1102230246251565e-16
Post-hoc	sigma	17	0.2	-0.4242382811572312	-0.42423828115723133	1.1102230246251565e-16
Post-hoc	sigma	17	0.3	-0.05307056464411337	-0.05307056464411337	0.0
Post-hoc	sigma	17	0.4	-0.0051033020487815245	-0.005103302048781525	8.673617379884035e-19
Post-hoc	sigma	17	0.5	-0.0009673416691465271	-0.0009673416691465269	2.168404344971009e-19
Post-hoc	sigma	17	0.6	-0.0007299394754796461	-0.0007299394754796461	0.0
Post-hoc	sigma	17	0.7	-0.0007765034252367584	-0.0007765034252367584	0.0
Post-hoc	sigma	17	0.8	-0.0008149563363098396	-0.0008149563363098396	0.0
Post-hoc	sigma	17	0.9	-0.0008304305858494327	-0.0008304305858494326	1.0842021724855044e-19
Post-hoc	sigma	17	1.0	-0.0008282136543779633	-0.0008282136543779633	0.0
Post-hoc	sigma	18	0.0	-0.955910719125574	-0.955910719125574	0.0
Post-hoc	sigma	18	0.1	-0.8409914509438587	-0.8409914509438589	1.1102230246251565e-16
Post-hoc	sigma	18	0.2	-0.2752513309463277	-0.2752513309463277	0.0
Post-hoc	sigma	18	0.3	-0.022297466440378878	-0.02229746644037888	3.469446951953614e-18
Post-hoc	sigma	18	0.4	-0.0008985325279675045	-0.0008985325279675046	1.0842021724855044e-19
Post-hoc	sigma	18	0.5	0.0008089951546760918	0.0008089951546760912	5.421010862427522e-19
Post-hoc	sigma	18	0.6	0.0011330894854745114	0.0011330894854745114	0.0
Post-hoc	sigma	18	0.7	0.001292369570880023	0.001292369570880023	0.0
Post-hoc	sigma	18	0.8	0.0013813213768632698	0.0013813213768632698	0.0
Post-hoc	sigma	18	0.9	0.0014223325762504546	0.0014223325762504546	0.0
Post-hoc	sigma	18	1.0	0.0014296107563034994	0.0014296107563034994	0.0
Post-hoc	sigma	19	0.0	-0.9718852657405758	-0.9718852657405754	3.3306690738754696e-16
Post-hoc	sigma	19	0.1	-0.8166545604679285	-0.8166545604679285	0.0
Post-hoc	sigma	19	0.2	-0.21130691661365072	-0.21130691661365072	0.0
Post-hoc	sigma	19	0.3	-0.01168631033363157	-0.011686310333631572	1.734723475976807e-18
Post-hoc	sigma	19	0.4	0.0003915868252516107	0.0003915868252516107	0.0
Post-hoc	sigma	19	0.5	0.0012700169706456803	0.0012700169706456803	0.0
Post-hoc	sigma	19	0.6	0.0015447924174475365	0.0015447924174475365	0.0
Post-hoc	sigma	19	0.7	0.0017101913961013611	0.0017101913961013611	0.0
Post-hoc	sigma	19	0.8	0.0018029491111650748	0.0018029491111650748	0.0
Post-hoc	sigma	19	0.9	0.0018420235875858018	0.0018420235875858018	0.0
Post-hoc	sigma	19	1.0	0.0018429888088088914	0.0018429888088088914	0.0
Post-hoc	sigma	20	0.0	-0.9851750814346799	-0.9851750814346799	0.0
Post-hoc	sigma	20	0.1	-0.780735984532098	-0.780735984532098	0.0
Post-hoc	sigma	20	0.2	-0.1264335443304489	-0.1264335443304489	0.0
Post-hoc	sigma	20	0.3	-0.00478857542938445	-0.0047885754293844505	8.673617379884035e-19
Post-hoc	sigma	20	0.4	-5.715032110908578e-5	-5.715032110908578e-5	0.0
Post-hoc	sigma	20	0.5	0.00021335813184177776	0.00021335813184177776	0.0
Post-hoc	sigma	20	0.6	0.00033802505200042094	0.00033802505200042094	0.0
Post-hoc	sigma	20	0.7	0.00043569636371091697	0.00043569636371091697	0.0
Post-hoc	sigma	20	0.8	0.0005075004737438687	0.0005075004737438687	0.0
Post-hoc	sigma	20	0.9	0.0005567668129907704	0.0005567668129907704	0.0
Post-hoc	sigma	20	1.0	0.0005881558113033792	0.0005881558113033792	0.0
Online	mu	1	0.0	-0.04911112046392896	-0.04911112046392913	1.734723475976807e-16
Online	mu	1	0.1	-0.05407656730583803	-0.05407656730583795	7.632783294297951e-17
Online	mu	1	0.2	-0.0594441715925098	-0.05944417159250994	1.3877787807814457e-16
Online	mu	1	0.3	-0.06521419932777822	-0.06521419932777825	2.7755575615628914e-17
Online	mu	1	0.4	-0.07135086143231241	-0.07135086143231231	9.71445146547012e-17
Online	mu	1	0.5	-0.07775639458384064	-0.07775639458384002	6.106226635438361e-16
Online	mu	1	0.6	-0.08423649410406972	-0.08423649410406961	1.1102230246251565e-16
Online	mu	1	0.7	-0.09046405877799252	-0.0904640587779924	1.1102230246251565e-16
Online	mu	1	0.8	-0.0959617239932474	-0.09596172399324711	2.914335439641036e-16
Online	mu	1	0.9	-0.1001389303627274	-0.10013893036272746	5.551115123125783e-17
Online	mu	1	1.0	-0.10241529541771349	-0.10241529541771319	3.0531133177191805e-16
Online	mu	2	0.0	-0.03935505696338996	-0.039355056963390166	2.0816681711721685e-16
Online	mu	2	0.1	-0.042125537614557076	-0.042125537614557375	2.983724378680108e-16
Online	mu	2	0.2	-0.04493027417864523	-0.04493027417864548	2.498001805406602e-16
Online	mu	2	0.3	-0.04772198918045105	-0.0477219891804512	1.5265566588595902e-16
Online	mu	2	0.4	-0.05043543212314948	-0.05043543212314984	3.608224830031759e-16
Online	mu	2	0.5	-0.05298574957856822	-0.05298574957856826	4.163336342344337e-17
Online	mu	2	0.6	-0.05526984052233967	-0.05526984052233993	2.5673907444456745e-16
Online	mu	2	0.7	-0.05717244731067745	-0.05717244731067755	9.71445146547012e-17
Online	mu	2	0.8	-0.058578055224969956	-0.05857805522497006	1.0408340855860843e-16
Online	mu	2	0.9	-0.05938777086803833	-0.05938777086803834	1.3877787807814457e-17
Online	mu	2	1.0	-0.05953758596637535	-0.05953758596637524	1.1102230246251565e-16
Online	mu	3	0.0	-0.05507538451759612	-0.055075384517596075	4.163336342344337e-17
Online	mu	3	0.1	-0.05656747232728032	-0.056567472327280086	2.3592239273284576e-16
Online	mu	3	0.2	-0.057856235856189826	-0.05785623585618969	1.3877787807814457e-16
Online	mu	3	0.3	-0.05891872568503266	-0.0589187256850323	3.608224830031759e-16
Online	mu	3	0.4	-0.0597347857451371	-0.05973478574513687	2.3592239273284576e-16
Online	mu	3	0.5	-0.06028771386965891	-0.06028771386965921	3.0531133177191805e-16
Online	mu	3	0.6	-0.06056484853065001	-0.060564848530649765	2.42861286636753e-16
Online	mu	3	0.7	-0.06055804543226725	-0.06055804543226721	3.469446951953614e-17
Online	mu	3	0.8	-0.06026401133257437	-0.060264011332574544	1.734723475976807e-16
Online	mu	3	0.9	-0.05968446977716799	-0.05968446977716794	4.85722573273506e-17
Online	mu	3	1.0	-0.05882614383744288	-0.05882614383744281	7.632783294297951e-17
Online	mu	4	0.0	-0.059982013760959005	-0.059982013760959144	1.3877787807814457e-16
Online	mu	4	0.1	-0.06323849859845061	-0.06323849859845061	0.0
Online	mu	4	0.2	-0.06638796227753986	-0.06638796227754011	2.498001805406602e-16
Online	mu	4	0.3	-0.06934539849328211	-0.0693453984932819	2.0816681711721685e-16
Online	mu	4	0.4	-0.07201222231564469	-0.07201222231564497	2.7755575615628914e-16
Online	mu	4	0.5	-0.07428070661863995	-0.07428070661863999	4.163336342344337e-17
Online	mu	4	0.6	-0.07604182029005715	-0.07604182029005709	6.938893903907228e-17
Online	mu	4	0.7	-0.07719620138893987	-0.07719620138894005	1.8041124150158794e-16
Online	mu	4	0.8	-0.07766679709108729	-0.07766679709108755	2.636779683484747e-16
Online	mu	4	0.9	-0.0774105303498294	-0.07741053034982953	1.249000902703301e-16
Online	mu	4	1.0	-0.0764258863904344	-0.07642588639043418	2.220446049250313e-16
Online	mu	5	0.0	-0.05840882901029844	-0.058408829010298605	1.6653345369377348e-16
Online	mu	5	0.1	-0.05977218962133162	-0.059772189621331594	2.7755575615628914e-17
Online	mu	5	0.2	-0.06096003281349332	-0.06096003281349365	3.3306690738754696e-16
Online	mu	5	0.3	-0.06195738428302783	-0.06195738428302791	8.326672684688674e-17
Online	mu	5	0.4	-0.06275130161046666	-0.06275130161046684	1.8041124150158794e-16
Online	mu	5	0.5	-0.06333129663701792	-0.06333129663701788	4.163336342344337e-17
Online	mu	5	0.6	-0.06368970299256477	-0.06368970299256486	9.71445146547012e-17
Online	mu	5	0.7	-0.06382196458186487	-0.06382196458186484	2.7755575615628914e-17
Online	mu	5	0.8	-0.06372682445016875	-0.06372682445016913	3.7470027081099033e-16
Online	mu	5	0.9	-0.06340639937879211	-0.06340639937879254	4.3021142204224816e-16
Online	mu	5	1.0	-0.06286613325648827	-0.0628661332564882	6.938893903907228e-17
Online	mu	6	0.0	-0.02988661574589647	-0.029886615745896537	6.591949208711867e-17
Online	mu	6	0.1	-0.0312966938938509	-0.03129669389385087	3.469446951953614e-17
Online	mu	6	0.2	-0.03260301310278306	-0.032603013102783185	1.249000902703301e-16
Online	mu	6	0.3	-0.03377554161879351	-0.033775541618793564	5.551115123125783e-17
Online	mu	6	0.4	-0.03478367949666468	-0.03478367949666465	2.7755575615628914e-17
Online	mu	6	0.5	-0.03559761889709056	-0.03559761889709058	2.0816681711721685e-17
Online	mu	6	0.6	-0.03618997917503037	-0.036189979175030335	3.469446951953614e-17
Online	mu	6	0.7	-0.036537591369000456	-0.036537591369000685	2.2898349882893854e-16
Online	mu	6	0.8	-0.03662324208173034	-0.03662324208173037	3.469446951953614e-17
Online	mu	6	0.9	-0.03643714635309287	-0.03643714635309296	9.020562075079397e-17
Online	mu	6	1.0	-0.035977922603084196	-0.03597792260308421	1.3877787807814457e-17
Online	mu	7	0.0	-0.03065148623896808	-0.03065148623896791	1.700029006457271e-16
Online	mu	7	0.1	-0.03129348083616353	-0.0312934808361636	6.938893903907228e-17
Online	mu	7	0.2	-0.03185109235441113	-0.0318510923544111	2.7755575615628914e-17
Online	mu	7	0.3	-0.03231500960293428	-0.03231500960293414	1.3877787807814457e-16
Online	mu	7	0.4	-0.03267678670993214	-0.032676786709932126	1.3877787807814457e-17
Online	mu	7	0.5	-0.03292911289045845	-0.03292911289045848	2.7755575615628914e-17
Online	mu	7	0.6	-0.033066065022280246	-0.033066065022280565	3.191891195797325e-16
Online	mu	7	0.7	-0.03308332733631343	-0.03308332733631357	1.3877787807814457e-16
Online	mu	7	0.8	-0.03297836321196943	-0.03297836321196951	7.632783294297951e-17
Online	mu	7	0.9	-0.03275052637713022	-0.03275052637713021	6.938893903907228e-18
Online	mu	7	1.0	-0.03240110263423075	-0.03240110263423064	1.1102230246251565e-16
Online	mu	8	0.0	-0.05107842174950098	-0.05107842174950107	9.020562075079397e-17
Online	mu	8	0.1	-0.05231489136501523	-0.052314891365015395	1.6653345369377348e-16
Online	mu	8	0.2	-0.05339738766158227	-0.053397387661582224	4.85722573273506e-17
Online	mu	8	0.3	-0.05431435513046	-0.054314355130460214	2.1510571102112408e-16
Online	mu	8	0.4	-0.05505587018406952	-0.05505587018407006	5.342948306008566e-16
Online	mu	8	0.5	-0.05561391413251316	-0.055613914132513285	1.249000902703301e-16
Online	mu	8	0.6	-0.05598260647096667	-0.055982606470966784	1.1102230246251565e-16
Online	mu	8	0.7	-0.0561583853243364	-0.05615838532433676	3.5388358909926865e-16
Online	mu	8	0.8	-0.056140124146673055	-0.05614012414667324	1.8735013540549517e-16
Online	mu	8	0.9	-0.05592917708521323	-0.05592917708521359	3.608224830031759e-16
Online	mu	8	1.0	-0.05552934951821274	-0.055529349518213235	4.926614671774132e-16
Online	mu	9	0.0	-0.060017191356493305	-0.060017191356493325	2.0816681711721685e-17
Online	mu	9	0.1	-0.06256802262107368	-0.06256802262107354	1.3877787807814457e-16
Online	mu	9	0.2	-0.06490505554264246	-0.06490505554264242	4.163336342344337e-17
Online	mu	9	0.3	-0.06698853328167753	-0.06698853328167752	1.3877787807814457e-17
Online	mu	9	0.4	-0.06878083768824483	-0.06878083768824474	9.71445146547012e-17
Online	mu	9	0.5	-0.07024836465198016	-0.07024836465198003	1.249000902703301e-16
Online	mu	9	0.6	-0.0713633928080348	-0.07136339280803443	3.7470027081099033e-16
Online	mu	9	0.7	-0.0721057503326599	-0.07210575033265963	2.636779683484747e-16
Online	mu	9	0.8	-0.07246408331960515	-0.07246408331960501	1.3877787807814457e-16
Online	mu	9	0.9	-0.07243656464892893	-0.07243656464892889	4.163336342344337e-17
Online	mu	9	1.0	-0.07203095093483114	-0.07203095093483088	2.636779683484747e-16
Online	mu	10	0.0	-0.05731460882055505	-0.057314608820554835	2.1510571102112408e-16
Online	mu	10	0.1	-0.05792340738072026	-0.057923407380719924	3.3306690738754696e-16
Online	mu	10	0.2	-0.05842694361558463	-0.05842694361558453	9.71445146547012e-17
Online	mu	10	0.3	-0.05882204981014332	-0.058822049810143016	3.0531133177191805e-16
Online	mu	10	0.4	-0.05910613802784298	-0.059106138027843015	3.469446951953614e-17
Online	mu	10	0.5	-0.0592772269518184	-0.05927722695181841	1.3877787807814457e-17
Online	mu	10	0.6	-0.059333963359477174	-0.05933396335947696	2.1510571102112408e-16
Online	mu	10	0.7	-0.05927563800388282	-0.05927563800388265	1.734723475976807e-16
Online	mu	10	0.8	-0.05910219573033325	-0.05910219573033297	2.7755575615628914e-16
Online	mu	10	0.9	-0.05881423971192015	-0.05881423971192009	6.245004513516506e-17
Online	mu	10	1.0	-0.05841302974357658	-0.058413029743576504	7.632783294297951e-17
Online	mu	11	0.0	-0.07835449656786697	-0.07835449656786704	6.938893903907228e-17
Online	mu	11	0.1	-0.08085190675243992	-0.08085190675243983	8.326672684688674e-17
Online	mu	11	0.2	-0.08306112600020536	-0.0830611260002053	6.938893903907228e-17
Online	mu	11	0.3	-0.0849357150900919	-0.08493571509009194	4.163336342344337e-17
Online	mu	11	0.4	-0.08643431344592362	-0.0864343134459241	4.85722573273506e-16
Online	mu	11	0.5	-0.08752327323921771	-0.08752327323921809	3.7470027081099033e-16
Online	mu	11	0.6	-0.08817897820353779	-0.08817897820353815	3.608224830031759e-16
Online	mu	11	0.7	-0.0883895373918867	-0.08838953739188672	2.7755575615628914e-17
Online	mu	11	0.8	-0.08815561125698126	-0.08815561125698133	6.938893903907228e-17
Online	mu	11	0.9	-0.08749025117341133	-0.08749025117341136	2.7755575615628914e-17
Online	mu	11	1.0	-0.08641778579580818	-0.08641778579580861	4.3021142204224816e-16
Online	mu	12	0.0	-0.08010497131356582	-0.08010497131356555	2.7755575615628914e-16
Online	mu	12	0.1	-0.08179303899108445	-0.08179303899108434	1.1102230246251565e-16
Online	mu	12	0.2	-0.0832369833148707	-0.08323698331487069	1.3877787807814457e-17
Online	mu	12	0.3	-0.08442394806235179	-0.0844239480623516	1.942890293094024e-16
Online	mu	12	0.4	-0.08534383645677716	-0.08534383645677668	4.85722573273506e-16
Online	mu	12	0.5	-0.08598949777833681	-0.08598949777833659	2.220446049250313e-16
Online	mu	12	0.6	-0.08635684499391232	-0.08635684499391201	3.0531133177191805e-16
Online	mu	12	0.7	-0.08644489990447346	-0.08644489990447318	2.7755575615628914e-16
Online	mu	12	0.8	-0.08625576544855816	-0.08625576544855795	2.0816681711721685e-16
Online	mu	12	0.9	-0.08579452787411285	-0.08579452787411244	4.0245584642661925e-16
Online	mu	12	1.0	-0.08506909428127356	-0.08506909428127347	8.326672684688674e-17
Online	mu	13	0.0	-0.11141389012395188	-0.11141389012395173	1.5265566588595902e-16
Online	mu	13	0.1	-0.1144336698803716	-0.11443366988037187	2.7755575615628914e-16
Online	mu	13	0.2	-0.11702090757525217	-0.11702090757525233	1.5265566588595902e-16
Online	mu	13	0.3	-0.11913446673414582	-0.11913446673414584	1.3877787807814457e-17
Online	mu	13	0.4	-0.12074060823026844	-0.12074060823026858	1.3877787807814457e-16
Online	mu	13	0.5	-0.12181410199150766	-0.12181410199150826	5.967448757360216e-16
Online	mu	13	0.6	-0.12233899262215588	-0.12233899262215663	7.494005416219807e-16
Online	mu	13	0.7	-0.12230897457045907	-0.12230897457045917	9.71445146547012e-17
Online	mu	13	0.8	-0.12172736442465229	-0.12172736442465232	2.7755575615628914e-17
Online	mu	13	0.9	-0.12060669012881278	-0.12060669012881255	2.3592239273284576e-16
Online	mu	13	1.0	-0.11896794512425424	-0.11896794512425447	2.3592239273284576e-16
Online	mu	14	0.0	-0.120014171724118	-0.12001417172411795	5.551115123125783e-17
Online	mu	14	0.1	-0.12377138174957479	-0.12377138174957486	6.938893903907228e-17
Online	mu	14	0.2	-0.12699040614017668	-0.12699040614017687	1.942890293094024e-16
Online	mu	14	0.3	-0.12962227159670417	-0.12962227159670403	1.3877787807814457e-16
Online	mu	14	0.4	-0.13162723421239042	-0.1316272342123905	8.326672684688674e-17
Online	mu	14	0.5	-0.13297579968061088	-0.13297579968061063	2.498001805406602e-16
Online	mu	14	0.6	-0.1336494013156887	-0.13364940131568848	2.220446049250313e-16
Online	mu	14	0.7	-0.1336407182386671	-0.13364071823866688	2.220446049250313e-16
Online	mu	14	0.8	-0.13295363564952617	-0.1329536356495259	2.7755575615628914e-16
Online	mu	14	0.9	-0.13160286701620733	-0.13160286701620735	2.7755575615628914e-17
Online	mu	14	1.0	-0.12961327298179967	-0.12961327298179956	1.1102230246251565e-16
Online	mu	15	0.0	-0.10493902491388955	-0.10493902491388979	2.3592239273284576e-16
Online	mu	15	0.1	-0.10883870139997719	-0.10883870139997721	2.7755575615628914e-17
Online	mu	15	0.2	-0.11215022842703021	-0.11215022842703061	4.0245584642661925e-16
Online	mu	15	0.3	-0.11481591471707743	-0.11481591471707743	0.0
Online	mu	15	0.4	-0.11678895951236806	-0.11678895951236805	1.3877787807814457e-17
Online	mu	15	0.5	-0.11803479916568081	-0.11803479916568085	4.163336342344337e-17
Online	mu	15	0.6	-0.1185320965145396	-0.1185320965145401	4.996003610813204e-16
Online	mu	15	0.7	-0.11827333555091209	-0.11827333555091185	2.3592239273284576e-16
Online	mu	15	0.8	-0.11726499981989617	-0.117264999819896	1.8041124150158794e-16
Online	mu	15	0.9	-0.11552732999720018	-0.11552732999720046	2.7755575615628914e-16
Online	mu	15	1.0	-0.11309367336152713	-0.1130936733615272	6.938893903907228e-17
Online	mu	16	0.0	-0.1440455614090137	-0.14404556140901353	1.6653345369377348e-16
Online	mu	16	0.1	-0.15187714430702734	-0.15187714430702715	1.942890293094024e-16
Online	mu	16	0.2	-0.15873200710112867	-0.15873200710112892	2.498001805406602e-16
Online	mu	16	0.3	-0.1644532214986366	-0.16445322149863661	2.7755575615628914e-17
Online	mu	16	0.4	-0.16890723398402324	-0.16890723398402308	1.6653345369377348e-16
Online	mu	16	0.5	-0.17198875526569016	-0.17198875526569032	1.6653345369377348e-16
Online	mu	16	0.6	-0.17362450006651486	-0.17362450006651547	6.106226635438361e-16
Online	mu	16	0.7	-0.1737756228986569	-0.17377562289865667	2.220446049250313e-16
Online	mu	16	0.8	-0.17243877497815685	-0.1724387749781565	3.608224830031759e-16
Online	mu	16	0.9	-0.16964578481218917	-0.16964578481218906	1.1102230246251565e-16
Online	mu	16	1.0	-0.16546203559740863	-0.16546203559740902	3.885780586188048e-16
Online	mu	17	0.0	-0.18595834630001915	-0.18595834630001928	1.3877787807814457e-16
Online	mu	17	0.1	-0.19880039620058196	-0.1988003962005822	2.498001805406602e-16
Online	mu	17	0.2	-0.2099883598873597	-0.20998835988735975	5.551115123125783e-17
Online	mu	17	0.3	-0.21913913253840347	-0.2191391325384031	3.885780586188048e-16
Online	mu	17	0.4	-0.22593454121238693	-0.22593454121238676	1.6653345369377348e-16
Online	mu	17	0.5	-0.23013983032827573	-0.2301398303282758	8.326672684688674e-17
Online	mu	17	0.6	-0.23161552321289086	-0.2316155232128907	1.6653345369377348e-16
Online	mu	17	0.7	-0.23032193962159053	-0.23032193962159106	5.273559366969494e-16
Online	mu	17	0.8	-0.22631666121189775	-0.2263166612118976	1.3877787807814457e-16
Online	mu	17	0.9	-0.21974605456834273	-0.21974605456834287	1.3877787807814457e-16
Online	mu	17	1.0	-0.2108324646113241	-0.21083246461132404	5.551115123125783e-17
Online	mu	18	0.0	-0.22060979119343954	-0.22060979119343946	8.326672684688674e-17
Online	mu	18	0.1	-0.23738789459652257	-0.23738789459652218	3.885780586188048e-16
Online	mu	18	0.2	-0.25199790671895217	-0.2519979067189519	2.7755575615628914e-16
Online	mu	18	0.3	-0.26386117996073505	-0.26386117996073544	3.885780586188048e-16
Online	mu	18	0.4	-0.27246812247644603	-0.2724681224764467	6.661338147750939e-16
Online	mu	18	0.5	-0.277409039566129	-0.277409039566129	0.0
Online	mu	18	0.6	-0.27839983463176765	-0.278399834631768	3.3306690738754696e-16
Online	mu	18	0.7	-0.2753005122462966	-0.27530051224629704	4.440892098500626e-16
Online	mu	18	0.8	-0.268125374407716	-0.2681253744077152	7.771561172376096e-16
Online	mu	18	0.9	-0.257044970732246	-0.2570449707322456	4.440892098500626e-16
Online	mu	18	1.0	-0.24238101026161638	-0.24238101026161635	2.7755575615628914e-17
Online	mu	19	0.0	-0.21801281016112375	-0.21801281016112423	4.718447854656915e-16
Online	mu	19	0.1	-0.24178295270383934	-0.24178295270383926	8.326672684688674e-17
Online	mu	19	0.2	-0.262903286202081	-0.26290328620208137	3.885780586188048e-16
Online	mu	19	0.3	-0.2802787140603687	-0.28027871406036853	1.6653345369377348e-16
Online	mu	19	0.4	-0.2929336040892427	-0.2929336040892426	5.551115123125783e-17
Online	mu	19	0.5	-0.3000915769320487	-0.3000915769320483	3.885780586188048e-16
Online	mu	19	0.6	-0.3012417926330915	-0.3012417926330918	3.3306690738754696e-16
Online	mu	19	0.7	-0.2961855996920764	-0.2961855996920766	1.6653345369377348e-16
Online	mu	19	0.8	-0.28506042133338544	-0.28506042133338555	1.1102230246251565e-16
Online	mu	19	0.9	-0.26834073413035914	-0.2683407341303592	5.551115123125783e-17
Online	mu	19	1.0	-0.24681791990088525	-0.24681791990088606	8.049116928532385e-16
Online	mu	20	0.0	-0.22104065761342226	-0.2210406576134217	5.551115123125783e-16
Online	mu	20	0.1	-0.25007881403346455	-0.250078814033464	5.551115123125783e-16
Online	mu	20	0.2	-0.27566006026178147	-0.275660060261781	4.440892098500626e-16
Online	mu	20	0.3	-0.29601394579429097	-0.29601394579429036	6.106226635438361e-16
Online	mu	20	0.4	-0.30956195153025173	-0.30956195153025134	3.885780586188048e-16
Online	mu	20	0.5	-0.31506783910866254	-0.31506783910866293	3.885780586188048e-16
Online	mu	20	0.6	-0.31176635080325293	-0.31176635080325277	1.6653345369377348e-16
Online	mu	20	0.7	-0.29946927684305813	-0.2994692768430579	2.220446049250313e-16
Online	mu	20	0.8	-0.2786522756253368	-0.2786522756253368	0.0
Online	mu	20	0.9	-0.25051680546667354	-0.25051680546667354	0.0
Online	mu	20	1.0	-0.216993467109468	-0.2169934671094677	3.0531133177191805e-16
Online	sigma	1	0.0	-0.09321646227904645	-0.09321646227904662	1.6653345369377348e-16
Online	sigma	1	0.1	-0.10967179778070606	-0.10967179778070592	1.3877787807814457e-16
Online	sigma	1	0.2	-0.12927804738082982	-0.1292780473808298	2.7755575615628914e-17
Online	sigma	1	0.3	-0.15306546219144146	-0.15306546219144138	8.326672684688674e-17
Online	sigma	1	0.4	-0.18253379134905745	-0.1825337913490573	1.3877787807814457e-16
Online	sigma	1	0.5	-0.21983136262400665	-0.21983136262400674	8.326672684688674e-17
Online	sigma	1	0.6	-0.26777110315977637	-0.2677711031597765	1.1102230246251565e-16
Online	sigma	1	0.7	-0.32876508248082864	-0.32876508248082875	1.1102230246251565e-16
Online	sigma	1	0.8	-0.39947503405798757	-0.3994750340579881	5.551115123125783e-16
Online	sigma	1	0.9	-0.4571006890971933	-0.45710068909719337	5.551115123125783e-17
Online	sigma	1	1.0	-0.4604306696878114	-0.46043066968781143	5.551115123125783e-17
Online	sigma	2	0.0	-0.1719474864469779	-0.17194748644697774	1.6653345369377348e-16
Online	sigma	2	0.1	-0.18893665293979234	-0.18893665293979253	1.942890293094024e-16
Online	sigma	2	0.2	-0.20617622342666383	-0.20617622342666417	3.3306690738754696e-16
Online	sigma	2	0.3	-0.223410154009023	-0.2234101540090228	1.942890293094024e-16
Online	sigma	2	0.4	-0.24031702201589533	-0.24031702201589536	2.7755575615628914e-17
Online	sigma	2	0.5	-0.2565027833352028	-0.25650278333520315	3.3306690738754696e-16
Online	sigma	2	0.6	-0.27149960716760774	-0.2714996071676077	5.551115123125783e-17
Online	sigma	2	0.7	-0.284775544086254	-0.28477554408625366	3.3306690738754696e-16
Online	sigma	2	0.8	-0.2957600433833604	-0.2957600433833605	5.551115123125783e-17
Online	sigma	2	0.9	-0.3038885524565573	-0.30388855245655744	1.1102230246251565e-16
Online	sigma	2	1.0	-0.308664677475074	-0.30866467747507376	2.220446049250313e-16
Online	sigma	3	0.0	-0.1693358483711673	-0.1693358483711674	1.1102230246251565e-16
Online	sigma	3	0.1	-0.18546911334705776	-0.1854691133470579	1.3877787807814457e-16
Online	sigma	3	0.2	-0.20258360948255508	-0.20258360948255524	1.6653345369377348e-16
Online	sigma	3	0.3	-0.22035915387960697	-0.22035915387960692	5.551115123125783e-17
Online	sigma	3	0.4	-0.23820641291023245	-0.23820641291023287	4.163336342344337e-16
Online	sigma	3	0.5	-0.2551707560197741	-0.2551707560197744	2.7755575615628914e-16
Online	sigma	3	0.6	-0.26988648685574945	-0.269886486855749	4.440892098500626e-16
Online	sigma	3	0.7	-0.28067697771751937	-0.2806769777175192	1.6653345369377348e-16
Online	sigma	3	0.8	-0.28589001849171847	-0.285890018491719	5.551115123125783e-16
Online	sigma	3	0.9	-0.28442784911565117	-0.28442784911565067	4.996003610813204e-16
Online	sigma	3	1.0	-0.2762113396418939	-0.27621133964189387	5.551115123125783e-17
Online	sigma	4	0.0	-0.1919373899239115	-0.19193738992391163	1.3877787807814457e-16
Online	sigma	4	0.1	-0.19871532279755702	-0.19871532279755683	1.942890293094024e-16
Online	sigma	4	0.2	-0.2047985896108655	-0.20479858961086542	8.326672684688674e-17
Online	sigma	4	0.3	-0.21011232645515626	-0.2101123264551558	4.718447854656915e-16
Online	sigma	4	0.4	-0.21459000481720167	-0.21459000481720147	1.942890293094024e-16
Online	sigma	4	0.5	-0.21817476747690254	-0.2181747674769027	1.6653345369377348e-16
Online	sigma	4	0.6	-0.22082059707887938	-0.22082059707887924	1.3877787807814457e-16
Online	sigma	4	0.7	-0.22249328001767615	-0.22249328001767618	2.7755575615628914e-17
Online	sigma	4	0.8	-0.22317113362180016	-0.22317113362180024	8.326672684688674e-17
Online	sigma	4	0.9	-0.2228454718438076	-0.22284547184380754	5.551115123125783e-17
Online	sigma	4	1.0	-0.2215207933430167	-0.22152079334301664	5.551115123125783e-17
Online	sigma	5	0.0	-0.20126188139123072	-0.20126188139123063	8.326672684688674e-17
Online	sigma	5	0.1	-0.20631955984079647	-0.20631955984079628	1.942890293094024e-16
Online	sigma	5	0.2	-0.2107163555759838	-0.21071635557598378	2.7755575615628914e-17
Online	sigma	5	0.3	-0.21441126322114712	-0.2144112632211469	2.220446049250313e-16
Online	sigma	5	0.4	-0.2173696158588405	-0.2173696158588407	2.220446049250313e-16
Online	sigma	5	0.5	-0.21956348826071123	-0.21956348826071123	0.0
Online	sigma	5	0.6	-0.22097202657617343	-0.22097202657617354	1.1102230246251565e-16
Online	sigma	5	0.7	-0.2215817032831701	-0.22158170328317023	1.3877787807814457e-16
Online	sigma	5	0.8	-0.22138649576245178	-0.22138649576245223	4.440892098500626e-16
Online	sigma	5	0.9	-0.220387986346419	-0.22038798634641896	5.551115123125783e-17
Online	sigma	5	1.0	-0.21859538120096492	-0.21859538120096467	2.498001805406602e-16
Online	sigma	6	0.0	-0.2744629365929474	-0.2744629365929477	2.7755575615628914e-16
Online	sigma	6	0.1	-0.28044086321817197	-0.28044086321817213	1.6653345369377348e-16
Online	sigma	6	0.2	-0.2852535480485889	-0.28525354804858905	1.6653345369377348e-16
Online	sigma	6	0.3	-0.2888475200725005	-0.2888475200725002	2.7755575615628914e-16
Online	sigma	6	0.4	-0.291182957260265	-0.2911829572602647	2.7755575615628914e-16
Online	sigma	6	0.5	-0.29223468284234005	-0.29223468284234	5.551115123125783e-17
Online	sigma	6	0.6	-0.29199284957478644	-0.2919928495747866	1.6653345369377348e-16
Online	sigma	6	0.7	-0.29046327482075884	-0.2904632748207591	2.7755575615628914e-16
Online	sigma	6	0.8	-0.2876674047754895	-0.28766740477548974	2.220446049250313e-16
Online	sigma	6	0.9	-0.28364190311063836	-0.283641903110638	3.3306690738754696e-16
Online	sigma	6	1.0	-0.27843787660731206	-0.27843787660731184	2.220446049250313e-16
Online	sigma	7	0.0	-0.2548850676154734	-0.25488506761547325	1.6653345369377348e-16
Online	sigma	7	0.1	-0.2652586551716565	-0.2652586551716567	2.220446049250313e-16
Online	sigma	7	0.2	-0.2742850685014282	-0.2742850685014279	2.7755575615628914e-16
Online	sigma	7	0.3	-0.281826177027789	-0.28182617702778934	3.3306690738754696e-16
Online	sigma	7	0.4	-0.28776970438366495	-0.28776970438366495	0.0
Online	sigma	7	0.5	-0.2920323197179777	-0.2920323197179777	0.0
Online	sigma	7	0.6	-0.2945610340481646	-0.29456103404816436	2.220446049250313e-16
Online	sigma	7	0.7	-0.2953326603727878	-0.29533266037278777	5.551115123125783e-17
Online	sigma	7	0.8	-0.29435113818863784	-0.294351138188638	1.6653345369377348e-16
Online	sigma	7	0.9	-0.291642511623871	-0.29164251162387134	3.3306690738754696e-16
Online	sigma	7	1.0	-0.2872472637272314	-0.2872472637272316	1.6653345369377348e-16
Online	sigma	8	0.0	-0.2771558059774366	-0.27715580597743683	2.220446049250313e-16
Online	sigma	8	0.1	-0.2935942832693724	-0.29359428326937265	2.220446049250313e-16
Online	sigma	8	0.2	-0.3080916929256878	-0.3080916929256879	1.1102230246251565e-16
Online	sigma	8	0.3	-0.32027539089597085	-0.32027539089597046	3.885780586188048e-16
Online	sigma	8	0.4	-0.3298332244668735	-0.32983322446687335	1.6653345369377348e-16
Online	sigma	8	0.5	-0.3365282696382295	-0.3365282696382297	1.6653345369377348e-16
Online	sigma	8	0.6	-0.3402054322590406	-0.34020543225904043	1.6653345369377348e-16
Online	sigma	8	0.7	-0.3407878465690278	-0.34078784656902805	2.7755575615628914e-16
Online	sigma	8	0.8	-0.33826140750538475	-0.33826140750538464	1.1102230246251565e-16
Online	sigma	8	0.9	-0.33264564917062295	-0.3326456491706229	5.551115123125783e-17
Online	sigma	8	1.0	-0.32394851061948104	-0.323948510619481	5.551115123125783e-17
Online	sigma	9	0.0	-0.4829918715381858	-0.48299187153818596	1.6653345369377348e-16
Online	sigma	9	0.1	-0.5062624626873636	-0.5062624626873639	2.220446049250313e-16
Online	sigma	9	0.2	-0.5252768879575052	-0.5252768879575054	2.220446049250313e-16
Online	sigma	9	0.3	-0.5395257958828352	-0.5395257958828349	3.3306690738754696e-16
Online	sigma	9	0.4	-0.5484262663752076	-0.5484262663752079	2.220446049250313e-16
Online	sigma	9	0.5	-0.5511507759826897	-0.55115077598269	3.3306690738754696e-16
Online	sigma	9	0.6	-0.5461460700214993	-0.5461460700214997	4.440892098500626e-16
Online	sigma	9	0.7	-0.5299804813616449	-0.5299804813616442	6.661338147750939e-16
Online	sigma	9	0.8	-0.4953465939490869	-0.4953465939490866	3.3306690738754696e-16
Online	sigma	9	0.9	-0.43103095332838637	-0.43103095332838676	3.885780586188048e-16
Online	sigma	9	1.0	-0.3337238808667896	-0.33372388086678967	5.551115123125783e-17
Online	sigma	10	0.0	-0.4477616536115737	-0.4477616536115741	3.885780586188048e-16
Online	sigma	10	0.1	-0.4811409805362211	-0.48114098053622095	1.6653345369377348e-16
Online	sigma	10	0.2	-0.5068235555746287	-0.5068235555746287	0.0
Online	sigma	10	0.3	-0.5229601268481547	-0.5229601268481547	0.0
Online	sigma	10	0.4	-0.5262539943720372	-0.5262539943720375	2.220446049250313e-16
Online	sigma	10	0.5	-0.5089553185350788	-0.5089553185350788	0.0
Online	sigma	10	0.6	-0.4541811282600914	-0.45418112826009105	3.3306690738754696e-16
Online	sigma	10	0.7	-0.346982809941971	-0.3469828099419711	1.1102230246251565e-16
Online	sigma	10	0.8	-0.21785539172760013	-0.21785539172760016	2.7755575615628914e-17
Online	sigma	10	0.9	-0.12002186808543638	-0.12002186808543637	1.3877787807814457e-17
Online	sigma	10	1.0	-0.06401541065596829	-0.0640154106559683	1.3877787807814457e-17
Online	sigma	11	0.0	-0.5930515375551436	-0.5930515375551441	4.440892098500626e-16
Online	sigma	11	0.1	-0.6382980131357427	-0.6382980131357426	1.1102230246251565e-16
Online	sigma	11	0.2	-0.6680851439493651	-0.6680851439493655	3.3306690738754696e-16
Online	sigma	11	0.3	-0.6742840984131712	-0.6742840984131709	2.220446049250313e-16
Online	sigma	11	0.4	-0.634054013976552	-0.6340540139765519	1.1102230246251565e-16
Online	sigma	11	0.5	-0.4995431676255962	-0.4995431676255959	2.7755575615628914e-16
Online	sigma	11	0.6	-0.2891935623066616	-0.28919356230666177	1.6653345369377348e-16
Online	sigma	11	0.7	-0.130681450898417	-0.13068145089841707	5.551115123125783e-17
Online	sigma	11	0.8	-0.05229767379391622	-0.0522976737939162	2.0816681711721685e-17
Online	sigma	11	0.9	-0.018843145073056372	-0.01884314507305638	6.938893903907228e-18
Online	sigma	11	1.0	-0.005236999990326669	-0.005236999990326671	2.6020852139652106e-18
Online	sigma	12	0.0	-0.6604146108728042	-0.6604146108728041	1.1102230246251565e-16
Online	sigma	12	0.1	-0.7130533102007847	-0.7130533102007851	4.440892098500626e-16
Online	sigma	12	0.2	-0.7377906988844898	-0.7377906988844898	0.0
Online	sigma	12	0.3	-0.7215070419482698	-0.7215070419482698	0.0
Online	sigma	12	0.4	-0.6343525662782459	-0.6343525662782455	3.3306690738754696e-16
Online	sigma	12	0.5	-0.43480996707269226	-0.43480996707269237	1.1102230246251565e-16
Online	sigma	12	0.6	-0.20595840663153872	-0.2059584066315389	1.6653345369377348e-16
Online	sigma	12	0.7	-0.07727221240988448	-0.07727221240988454	5.551115123125783e-17
Online	sigma	12	0.8	-0.026921147404329857	-0.026921147404329868	1.0408340855860843e-17
Online	sigma	12	0.9	-0.009498689746282932	-0.009498689746282945	1.214306433183765e-17
Online	sigma	12	1.0	-0.0037512807390037792	-0.0037512807390037784	8.673617379884035e-19
Online	sigma	13	0.0	-0.7151762789057694	-0.7151762789057694	0.0
Online	sigma	13	0.1	-0.7735576560489648	-0.773557656048965	2.220446049250313e-16
Online	sigma	13	0.2	-0.7827235575467881	-0.7827235575467884	2.220446049250313e-16
Online	sigma	13	0.3	-0.7153702055078857	-0.7153702055078858	1.1102230246251565e-16
Online	sigma	13	0.4	-0.5106985789439981	-0.510698578943998	1.1102230246251565e-16
Online	sigma	13	0.5	-0.22402782712994687	-0.2240278271299468	8.326672684688674e-17
Online	sigma	13	0.6	-0.0682506372721697	-0.06825063727216968	2.7755575615628914e-17
Online	sigma	13	0.7	-0.017479419387605753	-0.01747941938760575	3.469446951953614e-18
Online	sigma	13	0.8	-0.003318968431342016	-0.0033189684313420153	8.673617379884035e-19
Online	sigma	13	0.9	0.00037369983174634217	0.00037369983174634423	2.0599841277224584e-18
Online	sigma	13	1.0	0.0012582450959183634	0.001258245095918363	4.336808689942018e-19
Online	sigma	14	0.0	-0.7994084697834726	-0.7994084697834729	3.3306690738754696e-16
Online	sigma	14	0.1	-0.8216170223184904	-0.8216170223184902	2.220446049250313e-16
Online	sigma	14	0.2	-0.7394579978611806	-0.7394579978611804	2.220446049250313e-16
Online	sigma	14	0.3	-0.4484263827013491	-0.4484263827013488	2.7755575615628914e-16
Online	sigma	14	0.4	-0.1330886021310906	-0.1330886021310905	1.1102230246251565e-16
Online	sigma	14	0.5	-0.02843447035382021	-0.02843447035382021	0.0
Online	sigma	14	0.6	-0.0049456292578819675	-0.004945629257881963	4.336808689942018e-18
Online	sigma	14	0.7	-1.7280591078863728e-5	-1.7280591078863298e-5	4.3029273720518457e-19
Online	sigma	14	0.8	0.0010276420065088616	0.0010276420065088601	1.5178830414797062e-18
Online	sigma	14	0.9	0.0012665735689132546	0.0012665735689132546	0.0
Online	sigma	14	1.0	0.0013281564758295804	0.0013281564758295802	2.168404344971009e-19
Online	sigma	15	0.0	-0.866709896703938	-0.8667098967039382	1.1102230246251565e-16
Online	sigma	15	0.1	-0.88926073909539	-0.8892607390953902	1.1102230246251565e-16
Online	sigma	15	0.2	-0.7140266048110375	-0.7140266048110371	4.440892098500626e-16
Online	sigma	15	0.3	-0.2526397283569518	-0.25263972835695186	5.551115123125783e-17
Online	sigma	15	0.4	-0.04653445919085723	-0.04653445919085722	1.3877787807814457e-17
Online	sigma	15	0.5	-0.007404018197734369	-0.007404018197734369	0.0
Online	sigma	15	0.6	-0.0010020590818290004	-0.0010020590818290004	0.0
Online	sigma	15	0.7	2.5129622646126687e-5	2.5129622646126718e-5	3.049318610115481e-20
Online	sigma	15	0.8	0.00021756978448906163	0.00021756978448906163	0.0
Online	sigma	15	0.9	0.00028274074200111405	0.0002827407420011141	5.421010862427522e-20
Online	sigma	15	1.0	0.00032595503467071026	0.00032595503467071026	0.0
Online	sigma	16	0.0	-0.9009929508749337	-0.900992950874934	3.3306690738754696e-16
Online	sigma	16	0.1	-0.8683420717960862	-0.8683420717960868	5.551115123125783e-16
Online	sigma	16	0.2	-0.6091631221941013	-0.6091631221941011	2.220446049250313e-16
Online	sigma	16	0.3	-0.15257442679772093	-0.15257442679772085	8.326672684688674e-17
Online	sigma	16	0.4	-0.022432622343540494	-0.02243262234354049	3.469446951953614e-18
Online	sigma	16	0.5	-0.006050934223557742	-0.006050934223557742	0.0
Online	sigma	16	0.6	-0.004109969403596892	-0.004109969403596892	0.0
Online	sigma	16	0.7	-0.003751733516825387	-0.003751733516825387	0.0
Online	sigma	16	0.8	-0.003548549655350583	-0.003548549655350583	0.0
Online	sigma	16	0.9	-0.003359880982008529	-0.003359880982008529	0.0
Online	sigma	16	1.0	-0.003177392174424214	-0.003177392174424214	0.0
Online	sigma	17	0.0	-0.9481835851445414	-0.9481835851445418	4.440892098500626e-16
Online	sigma	17	0.1	-0.8822245636194432	-0.8822245636194435	2.220446049250313e-16
Online	sigma	17	0.2	-0.4242382811572312	-0.42423828115723133	1.1102230246251565e-16
Online	sigma	17	0.3	-0.05307056464411336	-0.05307056464411337	6.938893903907228e-18
Online	sigma	17	0.4	-0.0051033020487815245	-0.005103302048781525	8.673617379884035e-19
Online	sigma	17	0.5	-0.0009673416691465269	-0.0009673416691465269	0.0
Online	sigma	17	0.6	-0.0007299394754796461	-0.0007299394754796461	0.0
Online	sigma	17	0.7	-0.0007765034252367584	-0.0007765034252367584	0.0
Online	sigma	17	0.8	-0.0008149563363098396	-0.0008149563363098396	0.0
Online	sigma	17	0.9	-0.0008304305858494326	-0.0008304305858494326	0.0
Online	sigma	17	1.0	-0.0008282136543779633	-0.0008282136543779633	0.0
Online	sigma	18	0.0	-0.9559107191255738	-0.955910719125574	2.220446049250313e-16
Online	sigma	18	0.1	-0.8409914509438587	-0.8409914509438589	1.1102230246251565e-16
Online	sigma	18	0.2	-0.27525133094632764	-0.2752513309463277	5.551115123125783e-17
Online	sigma	18	0.3	-0.022297466440378878	-0.02229746644037888	3.469446951953614e-18
Online	sigma	18	0.4	-0.0008985325279675046	-0.0008985325279675046	0.0
Online	sigma	18	0.5	0.0008089951546760912	0.0008089951546760912	0.0
Online	sigma	18	0.6	0.0011330894854745114	0.0011330894854745114	0.0
Online	sigma	18	0.7	0.001292369570880023	0.001292369570880023	0.0
Online	sigma	18	0.8	0.0013813213768632698	0.0013813213768632698	0.0
Online	sigma	18	0.9	0.0014223325762504546	0.0014223325762504546	0.0
Online	sigma	18	1.0	0.0014296107563034994	0.0014296107563034994	0.0
Online	sigma	19	0.0	-0.9718852657405754	-0.9718852657405754	0.0
Online	sigma	19	0.1	-0.8166545604679285	-0.8166545604679285	0.0
Online	sigma	19	0.2	-0.21130691661365072	-0.21130691661365072	0.0
Online	sigma	19	0.3	-0.011686310333631572	-0.011686310333631572	0.0
Online	sigma	19	0.4	0.0003915868252516107	0.0003915868252516107	0.0
Online	sigma	19	0.5	0.0012700169706456803	0.0012700169706456803	0.0
Online	sigma	19	0.6	0.0015447924174475365	0.0015447924174475365	0.0
Online	sigma	19	0.7	0.0017101913961013611	0.0017101913961013611	0.0
Online	sigma	19	0.8	0.0018029491111650748	0.0018029491111650748	0.0
Online	sigma	19	0.9	0.0018420235875858018	0.0018420235875858018	0.0
Online	sigma	19	1.0	0.0018429888088088914	0.0018429888088088914	0.0
Online	sigma	20	0.0	-0.9851750814346797	-0.9851750814346799	2.220446049250313e-16
Online	sigma	20	0.1	-0.7807359845320981	-0.780735984532098	1.1102230246251565e-16
Online	sigma	20	0.2	-0.1264335443304489	-0.1264335443304489	0.0
Online	sigma	20	0.3	-0.00478857542938445	-0.0047885754293844505	8.673617379884035e-19
Online	sigma	20	0.4	-5.715032110908578e-5	-5.715032110908578e-5	0.0
Online	sigma	20	0.5	0.00021335813184177776	0.00021335813184177776	0.0
Online	sigma	20	0.6	0.00033802505200042094	0.00033802505200042094	0.0
Online	sigma	20	0.7	0.00043569636371091697	0.00043569636371091697	0.0
Online	sigma	20	0.8	0.0005075004737438687	0.0005075004737438687	0.0
Online	sigma	20	0.9	0.0005567668129907704	0.0005567668129907704	0.0
Online	sigma	20	1.0	0.0005881558113033792	0.0005881558113033792	0.0
