arm	parameter	mean	mcse	bulk_ess	mean_difference_mcse
ordinary_ncp_native	population_intercept_at_mean_log_sat	3.461614762862278	0.015211543281412488	422.41566775175767	0.38636633153213384
ordinary_ncp_native	population_log_sat_slope	0.4274696315883415	0.00022157156772917703	1246.66556954404	0.7431204269561911
ordinary_ncp_native	group_sd_1	0.6959167681714862	0.01323681705538898	456.17762734351896	0.15342045117724018
ordinary_ncp_native	residual_sd	0.3768193874407746	9.011553596131587e-5	1500.071257443944	1.5214605635120033
ordinary_ncp_native	region_1_total_intercept	2.6625363558593897	0.0019282014639909232	1826.8752779295564	1.5804276500985674
ordinary_ncp_native	region_2_total_intercept	1.4496397451987082	0.000522703236749897	1389.504575518305	0.679070140778437
ordinary_ncp_native	region_3_total_intercept	2.2530346974597495	0.0008484489917457831	1374.8995647614445	0.4259945966968121
ordinary_ncp_native	region_4_total_intercept	1.919338480185977	0.0007349179682757127	1603.4344413427643	0.792945417717651
ordinary_ncp_native	region_5_total_intercept	2.282424555610108	0.0007768177056947282	1625.9363596240335	0.40681550048421716
ordinary_ncp_native	region_6_total_intercept	2.92027832834677	0.0025002470135625544	1988.298439431239	0.1073320505778771
ordinary_ncp_whmc	population_intercept_at_mean_log_sat	3.4862754468786634	0.023840770547116343	97.72278057338448	1.249969277701787
ordinary_ncp_whmc	population_log_sat_slope	0.42773331825709315	0.00021041637183666365	1756.3785860477615	0.061635897253880134
ordinary_ncp_whmc	group_sd_1	0.610685822246812	0.01791832850090655	85.52141300825332	4.521252292421907
ordinary_ncp_whmc	residual_sd	0.376587281510997	8.523431615361932e-5	1532.9378518128806	0.6981339856700545
ordinary_ncp_whmc	region_1_total_intercept	2.664383276284704	0.0018150674338621696	1895.0749286358252	0.8485921758362199
ordinary_ncp_whmc	region_2_total_intercept	1.4493928206696658	0.0005140274719257886	1795.4485375517118	0.34656045090319476
ordinary_ncp_whmc	region_3_total_intercept	2.252270918817253	0.0008171500495163945	1829.6488760237169	0.15590765763852593
ordinary_ncp_whmc	region_4_total_intercept	1.917608718510975	0.000742317803309741	1921.6271861036898	0.8674487952343385
ordinary_ncp_whmc	region_5_total_intercept	2.282012016406264	0.0008581438387590093	1555.9876439296816	0.028335413303345706
ordinary_ncp_whmc	region_6_total_intercept	2.917233950875249	0.0027245530431431217	1483.5353337893855	0.9952379455240998
s2z_auto_native	population_intercept_at_mean_log_sat	3.4541286650672762	0.006930004213531089	1851.4234571713844	0.09447048115539255
s2z_auto_native	population_log_sat_slope	0.4277973372731142	0.00017815523102535655	2143.086729830095	0.27871980053231493
s2z_auto_native	group_sd_1	0.6994413270394946	0.0086303239034511	2345.8754826056097	0.1060854982917713
s2z_auto_native	residual_sd	0.37677757592816363	7.045394992142895e-5	2495.3747417290106	1.329166431132123
s2z_auto_native	region_1_total_intercept	2.665876085521908	0.002455137621951249	1031.291624319046	0.16985600566614237
s2z_auto_native	region_2_total_intercept	1.4490704053588055	0.0004496372263845904	2038.410603411203	0.10112344842988653
s2z_auto_native	region_3_total_intercept	2.2523043898232347	0.0007313192385532501	2069.277332242871	0.1355780684058234
s2z_auto_native	region_4_total_intercept	1.918065821994207	0.0006080235876801179	2443.920402946997	0.4706380429661706
s2z_auto_native	region_5_total_intercept	2.2811055935810645	0.0006755487922153659	2264.113151779169	0.852407191510043
s2z_auto_native	region_6_total_intercept	2.9194581227539884	0.002561991548885885	1745.5250158571473	0.35591114470236423
s2z_auto_whmc	population_intercept_at_mean_log_sat	3.4525252542664004	0.0072973098638832706	1842.422901763721	0.2467588622065719
s2z_auto_whmc	population_log_sat_slope	0.4274827480188765	0.00015219754127862288	2870.0522769592317	0.8069419468393639
s2z_auto_whmc	group_sd_1	0.7027286455734134	0.009690279980868802	1404.1195193252458	0.36924186937441167
s2z_auto_whmc	residual_sd	0.3766245971301289	5.4814549945235104e-5	3913.270355934456	0.43198082396473064
s2z_auto_whmc	region_1_total_intercept	2.665753530731273	0.0017052115774528693	2217.8330404351036	0.27061125037036954
s2z_auto_whmc	region_2_total_intercept	1.4496431824832117	0.00036678877976715633	3001.667612434053	0.7926215243234984
s2z_auto_whmc	region_3_total_intercept	2.253612786465669	0.0006031688641068383	2987.6858339346127	0.9697325278473103
s2z_auto_whmc	region_4_total_intercept	1.9192176023969765	0.0006473290566702791	2290.72810805444	0.7180692333408446
s2z_auto_whmc	region_5_total_intercept	2.2829970440410836	0.000622943126745493	2582.6855768638734	1.0268101813469874
s2z_auto_whmc	region_6_total_intercept	2.9256700163435716	0.002907549877439234	1326.9608632682148	1.4189453142598671
s2z_cp_native	population_intercept_at_mean_log_sat	3.4576336062952895	0.007124604782870956	1778.953884929245	0.24872128236244334
s2z_cp_native	population_log_sat_slope	0.4278616469196412	0.00015782453537543567	2541.0378320283426	0.5123772671451529
s2z_cp_native	group_sd_1	0.6942606642936048	0.008168060066483783	1749.2764087758858	0.3622097748853808
s2z_cp_native	residual_sd	0.3766901284092447	6.688855665736559e-5	2682.061263386032	0.3658756149262247
s2z_cp_native	region_1_total_intercept	2.667955840316694	0.0027450583726751	816.465449223882	0.5125547266865397
s2z_cp_native	region_2_total_intercept	1.4490086240226079	0.00039075280741738454	2509.574968800669	0.20205808687117247
s2z_cp_native	region_3_total_intercept	2.252199279481027	0.0006618363724077099	2341.0478342360507	0.2271544591338305
s2z_cp_native	region_4_total_intercept	1.9178558383150788	0.0005538789588182122	2948.835586415403	0.7160778448075485
s2z_cp_native	region_5_total_intercept	2.2805107312248665	0.0005834304538596257	3029.756561867123	1.5190362132876785
s2z_cp_native	region_6_total_intercept	2.920919361477029	0.0031031479886513727	1238.4691668698638	0.07916515974590295
s2z_cp_whmc	population_intercept_at_mean_log_sat	3.4527436066057153	0.007135078737146893	1783.4029847090476	0.22820150455153132
s2z_cp_whmc	population_log_sat_slope	0.42793335868739196	0.00016239842233997035	2423.7682715583205	0.7538941053052414
s2z_cp_whmc	group_sd_1	0.7056298330866373	0.007774771484953987	2985.7382742773766	0.6910548263687638
s2z_cp_whmc	residual_sd	0.37656706628044345	6.45461581326769e-5	2723.8172372536665	1.071389244158376
s2z_cp_whmc	region_1_total_intercept	2.6647001657978007	0.001529911112517802	2512.04242773381	0.7848562700855529
s2z_cp_whmc	region_2_total_intercept	1.4484440786560244	0.0003990320492587567	2442.115373678229	1.0634206243277884
s2z_cp_whmc	region_3_total_intercept	2.2518077060974884	0.0006324537214693766	2627.3306661571255	0.559133866593875
s2z_cp_whmc	region_4_total_intercept	1.9179089054619347	0.0005817330496714591	2521.369734815114	0.6464219512600646
s2z_cp_whmc	region_5_total_intercept	2.280209629631167	0.0005649589286794344	3054.402775511872	1.8516102273041424
s2z_cp_whmc	region_6_total_intercept	2.919151916863196	0.0018396888915242038	3534.6569416134075	0.5353854408533508
s2z_ncp_native	population_intercept_at_mean_log_sat	3.454023552636807	0.00696856376794223	1918.3193662288581	0.10458822235447962
s2z_ncp_native	population_log_sat_slope	0.42752142786500213	0.00031979353610967165	734.4018564871473	0.4789360350652109
s2z_ncp_native	group_sd_1	0.703420273662658	0.021038625012975223	244.5936874341249	0.23250846045089157
s2z_ncp_native	residual_sd	0.37665369474684723	8.404174381665703e-5	1623.6895583155729	0.04584349371669833
s2z_ncp_native	region_1_total_intercept	2.6668566340015625	0.002015074225371898	1423.1907672625127	0.19883220972654014
s2z_ncp_native	region_2_total_intercept	1.4495811917751131	0.0007429365257519402	827.7614398110376	0.48720946408231003
s2z_ncp_native	region_3_total_intercept	2.253080304138944	0.0012621611496806667	774.8721886352461	0.37573532867304327
s2z_ncp_native	region_4_total_intercept	1.9182045786915678	0.0009417858318076811	1091.6419738566656	0.25955906106652693
s2z_ncp_native	region_5_total_intercept	2.2823740843413023	0.0008719260686427964	1348.2715093256313	0.339178550227982
s2z_ncp_native	region_6_total_intercept	2.917957960589016	0.0026617482722022085	1554.6175221201343	0.7944137448075516
s2z_ncp_whmc	population_intercept_at_mean_log_sat	3.460273336379386	0.005645648621690808	1809.2961917095708	0.5589963894726859
s2z_ncp_whmc	population_log_sat_slope	0.4277655541722994	0.0004286740394220056	358.64988832391964	0.1056356254521979
s2z_ncp_whmc	group_sd_1	0.5872176252887098	0.017375723503257102	68.59472929037197	5.885399261494012
s2z_ncp_whmc	residual_sd	0.3766628828946313	0.00014101667211347975	669.3183739313587	0.030148057355083434
s2z_ncp_whmc	region_1_total_intercept	2.6668294087813127	0.0026404048029956906	972.9432074080152	0.15500239112839298
s2z_ncp_whmc	region_2_total_intercept	1.4490826746692083	0.0009534771069029086	446.6180848862527	0.052637872576954854
s2z_ncp_whmc	region_3_total_intercept	2.2521027581354844	0.0017749760443707282	340.9325398486914	0.1815000835754411
s2z_ncp_whmc	region_4_total_intercept	1.9183431029339917	0.0009811260938661498	911.1772334228195	0.13991330497921914
s2z_ncp_whmc	region_5_total_intercept	2.2805326482296495	0.0011594621444257242	732.7871672860314	1.0390166268037078
s2z_ncp_whmc	region_6_total_intercept	2.9173075120501673	0.0039001757120697544	774.3014162064303	0.7532508296814483
total_cp	population_intercept_at_mean_log_sat	3.455084276210858	0.007368670793667509	1727.014811769472	0.0
total_cp	population_log_sat_slope	0.4277135452043225	0.0002421575210787436	1122.7688935077683	0.0
total_cp	group_sd_1	0.6982391709362423	0.007343753514220659	2919.7128269377154	0.0
total_cp	residual_sd	0.37665831340657724	5.5562848913001385e-5	3963.2732568898687	0.0
total_cp	region_1_total_intercept	2.6663615222022163	0.0014628966847929025	2848.6657459499443	0.0
total_cp	region_2_total_intercept	1.4491398034410004	0.0005184536074718908	1491.3939003491412	0.0
total_cp	region_3_total_intercept	2.2524732815627138	0.0010084542529770332	1058.352499675998	0.0
total_cp	region_4_total_intercept	1.9185145809883217	0.0007345014223933202	1591.0630113389736	0.0
total_cp	region_5_total_intercept	2.2819793296357256	0.0007709109951507281	1621.8087149432572	0.0
total_cp	region_6_total_intercept	2.9206250997499157	0.0020462196776070297	2866.970243867313	0.0
total_ncp	population_intercept_at_mean_log_sat	3.45338199291587	0.006561240607420784	1881.8957922750376	0.17253218914322108
total_ncp	population_log_sat_slope	0.42756877221807327	0.00017317757218521043	2256.462634709714	0.48629001644862085
total_ncp	group_sd_1	0.6640348693576498	0.02223734580993486	101.01501395708598	1.4605620785097213
total_ncp	residual_sd	0.3766042405692565	7.471494572521631e-5	2101.1072505309853	0.5807387403349281
total_ncp	region_1_total_intercept	2.6654859238076014	0.0015181359910284545	2592.078921106558	0.41531600599183405
total_ncp	region_2_total_intercept	1.4495233297754317	0.0004530813614842005	2009.3250398974067	0.5570200262080724
total_ncp	region_3_total_intercept	2.2529137412632125	0.0007076236529400118	2075.5441405187294	0.35752927443466875
total_ncp	region_4_total_intercept	1.918877958734352	0.000628922186831007	2410.1279991596793	0.37578919340675154
total_ncp	region_5_total_intercept	2.2822965402647384	0.0006426160577403412	2455.010334659907	0.3160655182893072
total_ncp	region_6_total_intercept	2.9162123982230703	0.002737233180586594	1634.9595275631887	1.2911989455149755
total_online_gradient	population_intercept_at_mean_log_sat	3.452480596538081	0.007239711368400364	1839.9714504278459	0.25204814594994956
total_online_gradient	population_log_sat_slope	0.42826548254798397	0.00028375981106292734	889.6516922416123	1.4795605133027594
total_online_gradient	group_sd_1	0.7095135568703591	0.007569875721241054	3569.2722039072437	1.0689924520207277
total_online_gradient	residual_sd	0.3766967992891887	5.778988778043794e-5	3508.033560309189	0.48006565357512887
total_online_gradient	region_1_total_intercept	2.6641782376688807	0.0018721430942956736	1899.9846000611356	0.9189224996747586
total_online_gradient	region_2_total_intercept	1.4476247215201639	0.0006269945502855832	1099.0506052343856	1.8622353863964947
total_online_gradient	region_3_total_intercept	2.250170054853639	0.0011812993198375243	830.2951807827999	1.482885784721675
total_online_gradient	region_4_total_intercept	1.9168444256479988	0.0008720916633388104	1305.266801768595	1.46480273536266
total_online_gradient	region_5_total_intercept	2.2791258094030025	0.0009355580900652318	1213.3794968401603	2.3538859578193727
total_online_gradient	region_6_total_intercept	2.9159999388939952	0.0022631305388460055	2415.2806899035295	1.5159349974905303
total_online_position	population_intercept_at_mean_log_sat	3.452480596538081	0.007239711368400364	1839.9714504278459	0.25204814594994956
total_online_position	population_log_sat_slope	0.42826548254798397	0.00028375981106292734	889.6516922416123	1.4795605133027594
total_online_position	group_sd_1	0.7095135568703591	0.007569875721241054	3569.2722039072437	1.0689924520207277
total_online_position	residual_sd	0.3766967992891887	5.778988778043794e-5	3508.033560309189	0.48006565357512887
total_online_position	region_1_total_intercept	2.6641782376688807	0.0018721430942956736	1899.9846000611356	0.9189224996747586
total_online_position	region_2_total_intercept	1.4476247215201639	0.0006269945502855832	1099.0506052343856	1.8622353863964947
total_online_position	region_3_total_intercept	2.250170054853639	0.0011812993198375243	830.2951807827999	1.482885784721675
total_online_position	region_4_total_intercept	1.9168444256479988	0.0008720916633388104	1305.266801768595	1.46480273536266
total_online_position	region_5_total_intercept	2.2791258094030025	0.0009355580900652318	1213.3794968401603	2.3538859578193727
total_online_position	region_6_total_intercept	2.9159999388939952	0.0022631305388460055	2415.2806899035295	1.5159349974905303
total_posthoc_gradient	population_intercept_at_mean_log_sat	3.455084276210858	0.007368670793667509	1727.014811769472	0.0
total_posthoc_gradient	population_log_sat_slope	0.4277135452043225	0.0002421575210787436	1122.7688935077683	0.0
total_posthoc_gradient	group_sd_1	0.6982391709362423	0.007343753514220659	2919.7128269377154	0.0
total_posthoc_gradient	residual_sd	0.37665831340657724	5.5562848913001385e-5	3963.2732568898687	0.0
total_posthoc_gradient	region_1_total_intercept	2.6663615222022163	0.0014628966847929025	2848.6657459499443	0.0
total_posthoc_gradient	region_2_total_intercept	1.4491398034410004	0.0005184536074718908	1491.3939003491412	0.0
total_posthoc_gradient	region_3_total_intercept	2.2524732815627138	0.0010084542529770332	1058.352499675998	0.0
total_posthoc_gradient	region_4_total_intercept	1.9185145809883217	0.0007345014223933202	1591.0630113389736	0.0
total_posthoc_gradient	region_5_total_intercept	2.2819793296357256	0.0007709109951507281	1621.8087149432572	0.0
total_posthoc_gradient	region_6_total_intercept	2.9206250997499157	0.0020462196776070297	2866.970243867313	0.0
total_posthoc_position	population_intercept_at_mean_log_sat	3.455084276210858	0.007368670793667509	1727.014811769472	0.0
total_posthoc_position	population_log_sat_slope	0.4277135452043225	0.0002421575210787436	1122.7688935077683	0.0
total_posthoc_position	group_sd_1	0.6982391709362423	0.007343753514220659	2919.7128269377154	0.0
total_posthoc_position	residual_sd	0.37665831340657724	5.5562848913001385e-5	3963.2732568898687	0.0
total_posthoc_position	region_1_total_intercept	2.6663615222022163	0.0014628966847929025	2848.6657459499443	0.0
total_posthoc_position	region_2_total_intercept	1.4491398034410004	0.0005184536074718908	1491.3939003491412	0.0
total_posthoc_position	region_3_total_intercept	2.2524732815627138	0.0010084542529770332	1058.352499675998	0.0
total_posthoc_position	region_4_total_intercept	1.9185145809883217	0.0007345014223933202	1591.0630113389736	0.0
total_posthoc_position	region_5_total_intercept	2.2819793296357256	0.0007709109951507281	1621.8087149432572	0.0
total_posthoc_position	region_6_total_intercept	2.9206250997499157	0.0020462196776070297	2866.970243867313	0.0
